image_path,label,valence,arousal,dominance,bbox_x1,bbox_y1,bbox_x2,bbox_y2
mscoco/images/COCO_train2014_000000462955.jpg,Peace,0.3,0.6,0.8,42,32,413,472
mscoco/images/COCO_train2014_000000186198.jpg,Peace,0.7,0.7,0.8,336,80,494,327
mscoco/images/COCO_val2014_000000122997.jpg,Peace,0.6,0.4,0.7,141,47,348,343
mscoco/images/COCO_train2014_000000253959.jpg,Peace,0.7,0.8,0.2,73,276,276,493
mscoco/images/COCO_val2014_000000461715.jpg,Peace,0.7,0.4,0.7,90,27,300,355
framesdb/images/frame_7nseu023ccmqaj3p.jpg,Peace,0.6,0.4,0.3,554,192,604,338
framesdb/images/frame_7nseu023ccmqaj3p.jpg,Peace,0.7,0.4,0.7,394,242,450,355
framesdb/images/frame_7nseu023ccmqaj3p.jpg,Peace,0.6,0.6,0.6,607,185,649,348
framesdb/images/frame_7nseu023ccmqaj3p.jpg,Peace,0.5,0.3,0.8,646,221,688,317
mscoco/images/COCO_train2014_000000149755.jpg,Peace,0.4,0.6,0.4,105,7,611,422
framesdb/images/frame_j44zhny87dief9zp.jpg,Peace,0.5,0.4,0.5,278,119,482,491
framesdb/images/frame_j44zhny87dief9zp.jpg,Peace,0.6,0.3,0.4,57,91,354,490
framesdb/images/frame_hzo04gqf487tm689.jpg,Peace,0.5,0.4,0.9,64,17,338,262
emodb_small/images/ab3l4riuiqrc4ivkqk.jpg,Peace,0.3,0.5,0.6,53,54,233,356
mscoco/images/COCO_val2014_000000571264.jpg,Peace,0.6,0.4,0.7,265,29,415,387
mscoco/images/COCO_train2014_000000331832.jpg,Peace,0.6,0.8,0.9,47,49,245,282
framesdb/images/frame_63mtckpdjfc0y9q8.jpg,Peace,0.5,0.7,0.5,1555,301,2187,2093
mscoco/images/COCO_train2014_000000389772.jpg,Peace,0.7,0.6,0.8,198,53,347,466
framesdb/images/frame_6npxf90s9ozbfo99.jpg,Peace,0.7,0.3,0.8,94,584,187,730
mscoco/images/COCO_val2014_000000047801.jpg,Peace,0.8,0.5,0.9,58,80,559,529
framesdb/images/frame_k43u0wqy98p0ihaw.jpg,Peace,0.7,0.3,0.4,1000,770,3407,2576
mscoco/images/COCO_train2014_000000458057.jpg,Peace,0.6,0.6,0.7,457,69,627,365
mscoco/images/COCO_train2014_000000458057.jpg,Peace,0.6,0.6,0.7,221,83,365,274
mscoco/images/COCO_train2014_000000457168.jpg,Peace,0.5,0.4,0.7,310,122,424,329
mscoco/images/COCO_val2014_000000553443.jpg,Peace,0.5,0.6,0.9,182,112,488,355
mscoco/images/COCO_train2014_000000377110.jpg,Peace,0.8,0.8,0.9,175,35,620,422
emodb_small/images/2dx6iyafrj0xqsbyxz.jpg,Peace,0.7,0.5,0.5,2,44,131,182
framesdb/images/frame_j9vbydagsea8s830.jpg,Peace,0.7,0.6,0.6,76,75,288,391
framesdb/images/frame_hxrt3v35rhil6sx5.jpg,Peace,,,,57,48,617,281
mscoco/images/COCO_val2014_000000568765.jpg,Peace,0.5,0.5,0.9,38,31,202,418
mscoco/images/COCO_train2014_000000466491.jpg,Peace,0.5,0.2,0.7,42,178,340,476
mscoco/images/COCO_train2014_000000139429.jpg,Peace,0.7,0.4,0.6,339,73,480,436
mscoco/images/COCO_train2014_000000139429.jpg,Peace,0.7,0.7,1.0,155,86,289,438
mscoco/images/COCO_train2014_000000050597.jpg,Peace,0.5,0.3,0.2,167,79,431,472
mscoco/images/COCO_train2014_000000189810.jpg,Peace,0.6,0.4,0.6,311,56,400,288
mscoco/images/COCO_val2014_000000078060.jpg,Peace,0.8,0.2,0.6,248,175,400,472
mscoco/images/COCO_train2014_000000134496.jpg,Peace,0.7,0.9,1.0,137,31,253,407
mscoco/images/COCO_train2014_000000445462.jpg,Peace,0.6,0.5,0.8,152,55,343,411
mscoco/images/COCO_val2014_000000107239.jpg,Affection,0.7,0.6,0.7,178,39,435,227
framesdb/images/frame_gq8umfw35sg36nlq.jpg,Affection,0.4,0.4,0.9,542,131,627,363
framesdb/images/frame_jsnriwfd0ffphs5g.jpg,Affection,0.4,0.3,0.4,291,383,393,532
framesdb/images/frame_1cnsgmoppetoruv9.jpg,Affection,0.5,0.2,0.8,34,384,116,582
framesdb/images/frame_ek3zcwpt9ed6j6gm.jpg,Affection,0.7,0.2,0.9,81,783,236,1199
framesdb/images/frame_c9ctv7ctm2dnic4v.jpg,Affection,0.5,0.2,0.9,31,1,732,1347
mscoco/images/COCO_train2014_000000439678.jpg,Affection,0.7,0.3,0.9,392,66,485,411
mscoco/images/COCO_val2014_000000552247.jpg,Affection,0.8,0.5,0.7,362,125,520,419
emodb_small/images/007eear5kx5qhbzewz.jpg,Affection,0.8,0.4,1.0,215,111,580,352
emodb_small/images/007eear5kx5qhbzewz.jpg,Affection,0.8,0.3,0.7,28,1,579,398
mscoco/images/COCO_train2014_000000043264.jpg,Affection,0.5,0.4,0.4,261,146,563,413
emodb_small/images/2wd2hxmqz5sbgy2ypo.jpg,Affection,0.7,0.5,0.3,2,1,316,349
emodb_small/images/2wd2hxmqz5sbgy2ypo.jpg,Affection,0.9,0.6,0.6,237,2,587,345
emodb_small/images/2dx6iyafrj0xqsbyxz.jpg,Affection,0.6,0.6,0.7,126,36,274,183
framesdb/images/frame_dfne06yl7tjnzbdt.jpg,Affection,0.5,0.2,0.9,123,39,421,298
mscoco/images/COCO_train2014_000000444168.jpg,Affection,0.9,0.6,0.7,181,13,459,449
mscoco/images/COCO_train2014_000000330100.jpg,Affection,0.8,0.7,0.6,201,96,331,400
framesdb/images/frame_cmwvbpa676fz8xne.jpg,Affection,0.7,0.5,0.7,178,88,341,484
framesdb/images/frame_cmwvbpa676fz8xne.jpg,Affection,0.5,0.2,0.9,308,52,448,459
framesdb/images/frame_9pwj5e0e3540mhk2.jpg,Affection,0.3,0.1,0.1,74,55,927,963
framesdb/images/frame_d8e8zt0xx79rhd3a.jpg,Affection,0.6,0.4,0.7,934,449,1615,1935
emodb_small/images/3ehhn46l9yimyuaed8.jpg,Affection,0.5,0.4,0.7,2,37,782,917
mscoco/images/COCO_val2014_000000243148.jpg,Affection,0.7,0.4,0.7,129,72,480,355
emodb_small/images/280dp8lwiegcqa2q1z.jpg,Affection,0.8,0.5,0.8,65,21,246,183
framesdb/images/frame_ln54q5tur4s42ez9.jpg,Affection,0.6,0.5,0.7,41,207,870,866
mscoco/images/COCO_train2014_000000145679.jpg,Affection,0.6,0.4,0.6,197,136,422,421
emodb_small/images/2fahoe54zb00wjdivy.jpg,Affection,0.9,0.7,0.6,32,27,195,193
framesdb/images/frame_gq6sydxtsi4krfma.jpg,Affection,0.5,0.4,0.9,20,14,340,450
mscoco/images/COCO_val2014_000000573320.jpg,Affection,0.7,0.6,0.7,69,177,262,474
framesdb/images/frame_cayeoa053pjmm6w5.jpg,Affection,0.5,0.2,0.9,656,88,795,495
framesdb/images/frame_cayeoa053pjmm6w5.jpg,Affection,0.6,0.2,0.9,21,116,158,471
framesdb/images/frame_cayeoa053pjmm6w5.jpg,Affection,0.5,0.2,0.9,370,93,628,537
mscoco/images/COCO_val2014_000000022680.jpg,Affection,0.9,0.4,0.8,410,176,585,427
emodb_small/images/2bmpyaavvm6crl0ids.jpg,Affection,0.9,0.7,0.7,9,1,298,168
emodb_small/images/2bmpyaavvm6crl0ids.jpg,Affection,0.9,0.7,0.8,22,39,179,168
mscoco/images/COCO_val2014_000000564098.jpg,Affection,0.7,0.5,0.7,143,53,290,343
mscoco/images/COCO_train2014_000000487007.jpg,Affection,0.8,0.6,0.6,104,24,330,345
mscoco/images/COCO_val2014_000000479808.jpg,Affection,0.6,0.4,0.7,53,52,271,472
mscoco/images/COCO_train2014_000000411109.jpg,Esteem,0.6,0.5,0.7,223,119,341,389
mscoco/images/COCO_train2014_000000379034.jpg,Esteem,0.5,0.4,0.7,384,114,547,341
framesdb/images/frame_3jwi6nrvfphi4lp6.jpg,Esteem,0.7,0.3,0.6,289,122,387,400
mscoco/images/COCO_train2014_000000498702.jpg,Esteem,0.7,0.8,0.8,179,18,352,198
emodb_small/images/4le1bbiky5djx0iuln.jpg,Esteem,0.6,0.6,0.8,112,230,382,714
mscoco/images/COCO_val2014_000000510791.jpg,Esteem,0.7,0.5,0.9,248,44,366,372
mscoco/images/COCO_train2014_000000385744.jpg,Esteem,0.5,0.5,0.6,393,56,578,302
mscoco/images/COCO_train2014_000000002842.jpg,Esteem,0.4,0.7,0.5,102,110,214,454
mscoco/images/COCO_val2014_000000509403.jpg,Esteem,0.6,0.9,0.9,359,59,479,373
framesdb/images/frame_c9ctv7ctm2dnic4v.jpg,Esteem,0.5,0.6,0.6,566,9,1103,1028
mscoco/images/COCO_val2014_000000222681.jpg,Esteem,0.7,0.7,0.7,310,143,508,386
mscoco/images/COCO_train2014_000000426839.jpg,Esteem,0.6,0.4,0.7,27,10,506,480
mscoco/images/COCO_train2014_000000259467.jpg,Esteem,0.8,0.8,0.7,337,246,502,424
framesdb/images/frame_belw7xz1lwepxcyq.jpg,Esteem,0.5,0.4,0.3,300,156,340,235
mscoco/images/COCO_train2014_000000419767.jpg,Esteem,0.6,0.4,0.7,388,73,628,448
mscoco/images/COCO_train2014_000000217224.jpg,Esteem,0.3,0.3,0.3,127,129,375,299
framesdb/images/frame_cmwvbpa676fz8xne.jpg,Esteem,0.5,0.2,0.9,46,82,169,449
framesdb/images/frame_cmwvbpa676fz8xne.jpg,Esteem,0.4,0.4,0.7,3,74,76,463
mscoco/images/COCO_train2014_000000091642.jpg,Esteem,0.9,0.6,0.9,35,38,266,417
mscoco/images/COCO_train2014_000000078358.jpg,Esteem,0.7,0.8,1.0,68,69,284,356
mscoco/images/COCO_train2014_000000078358.jpg,Esteem,0.7,0.5,0.8,261,80,445,328
mscoco/images/COCO_train2014_000000462509.jpg,Esteem,0.5,0.8,0.7,331,127,450,381
mscoco/images/COCO_train2014_000000444171.jpg,Esteem,0.5,0.4,0.5,185,79,354,390
framesdb/images/frame_buzpuitr3r0g31br.jpg,Esteem,0.5,0.2,0.9,185,806,752,1553
mscoco/images/COCO_val2014_000000053364.jpg,Esteem,0.5,0.3,0.2,46,228,169,425
framesdb/images/frame_5trqiebh1s6h9lg6.jpg,Esteem,0.6,0.3,0.7,2175,250,2371,898
mscoco/images/COCO_train2014_000000464812.jpg,Esteem,0.7,0.4,0.8,515,222,629,460
mscoco/images/COCO_train2014_000000122667.jpg,Esteem,0.6,0.4,0.6,130,159,228,425
mscoco/images/COCO_val2014_000000194704.jpg,Esteem,0.8,0.4,0.7,147,153,458,417
mscoco/images/COCO_train2014_000000114421.jpg,Esteem,0.7,0.8,0.7,295,135,550,476
mscoco/images/COCO_val2014_000000041279.jpg,Esteem,0.6,0.4,0.6,285,128,498,331
mscoco/images/COCO_train2014_000000353223.jpg,Esteem,0.5,0.7,0.7,144,44,424,330
mscoco/images/COCO_train2014_000000304473.jpg,Esteem,0.5,0.7,0.7,46,53,214,436
mscoco/images/COCO_val2014_000000498032.jpg,Esteem,0.6,0.6,0.7,139,113,449,453
framesdb/images/frame_9q90mzvc7x4cdyr3.jpg,Esteem,0.7,0.4,0.4,561,176,656,447
emodb_small/images/4dvzh6e97rzw27kig1.jpg,Esteem,0.8,0.7,0.8,36,63,600,450
mscoco/images/COCO_val2014_000000266922.jpg,Esteem,0.7,0.3,0.9,138,64,230,278
mscoco/images/COCO_train2014_000000443084.jpg,Esteem,0.7,0.6,0.4,272,166,443,342
mscoco/images/COCO_train2014_000000288841.jpg,Anticipation,0.6,0.4,0.7,485,149,605,473
mscoco/images/COCO_val2014_000000168683.jpg,Anticipation,0.6,0.7,0.7,257,39,405,183
mscoco/images/COCO_val2014_000000547457.jpg,Anticipation,0.8,0.4,0.7,157,43,470,420
mscoco/images/COCO_train2014_000000140322.jpg,Anticipation,0.6,0.4,0.3,83,146,608,511
mscoco/images/COCO_train2014_000000001966.jpg,Anticipation,0.5,0.9,0.7,126,70,344,439
framesdb/images/frame_kuxvwgw2wheq7szc.jpg,Anticipation,0.2,0.7,0.7,209,117,318,335
mscoco/images/COCO_train2014_000000411109.jpg,Anticipation,0.5,0.7,0.8,403,175,537,449
mscoco/images/COCO_val2014_000000054277.jpg,Anticipation,0.6,0.9,0.9,375,176,511,427
framesdb/images/frame_b1v3bzyq8s4ucvy1.jpg,Anticipation,0.5,0.7,0.8,76,760,1484,3396
framesdb/images/frame_b1v3bzyq8s4ucvy1.jpg,Anticipation,0.7,0.4,0.6,3229,700,4586,2503
mscoco/images/COCO_train2014_000000390644.jpg,Anticipation,0.7,0.7,0.8,112,110,299,368
mscoco/images/COCO_train2014_000000322698.jpg,Anticipation,0.6,0.6,0.8,167,165,399,421
mscoco/images/COCO_train2014_000000408190.jpg,Anticipation,0.8,0.8,0.7,348,366,531,568
framesdb/images/frame_aztc78d4kjclxv9e.jpg,Anticipation,0.6,0.6,0.6,115,266,230,392
framesdb/images/frame_aztc78d4kjclxv9e.jpg,Anticipation,0.4,0.8,0.7,190,206,259,282
mscoco/images/COCO_train2014_000000298949.jpg,Anticipation,0.5,0.8,0.8,193,55,509,416
mscoco/images/COCO_val2014_000000576031.jpg,Anticipation,0.6,1.0,0.8,224,78,403,468
framesdb/images/frame_8bcjgl84a80cguy5.jpg,Anticipation,0.5,0.5,0.6,456,86,622,456
framesdb/images/frame_8bcjgl84a80cguy5.jpg,Anticipation,0.5,0.7,0.6,279,4,475,345
framesdb/images/frame_bwnq9ntic9dpamg2.jpg,Anticipation,0.5,0.4,0.3,267,213,366,353
framesdb/images/frame_6290od7o4jvss70n.jpg,Anticipation,0.5,0.6,0.5,256,187,288,269
mscoco/images/COCO_train2014_000000282027.jpg,Anticipation,0.5,0.7,0.7,149,31,295,402
mscoco/images/COCO_train2014_000000396793.jpg,Anticipation,0.6,0.6,0.7,374,23,467,305
mscoco/images/COCO_train2014_000000252375.jpg,Anticipation,0.5,0.7,0.7,38,46,294,384
mscoco/images/COCO_train2014_000000483078.jpg,Anticipation,0.6,0.7,0.5,248,140,351,360
mscoco/images/COCO_train2014_000000509626.jpg,Anticipation,0.5,1.0,0.6,32,78,273,413
emodb_small/images/4le1bbiky5djx0iuln.jpg,Anticipation,0.5,0.4,0.4,1067,551,1189,699
mscoco/images/COCO_train2014_000000252801.jpg,Anticipation,0.6,0.6,0.7,175,64,471,471
mscoco/images/COCO_train2014_000000107072.jpg,Anticipation,0.7,0.6,0.6,166,47,293,413
framesdb/images/frame_7qztqnocqk4d67lc.jpg,Anticipation,0.9,1.0,1.0,405,19,674,702
framesdb/images/frame_7qztqnocqk4d67lc.jpg,Anticipation,0.5,0.8,0.6,778,12,918,424
framesdb/images/frame_hkvjon62ft6acgnx.jpg,Anticipation,0.5,0.6,0.6,14,51,358,370
mscoco/images/COCO_train2014_000000385280.jpg,Anticipation,0.7,0.7,0.7,164,124,495,504
framesdb/images/frame_63mtckpdjfc0y9q8.jpg,Anticipation,0.7,0.7,0.6,2612,503,3188,2095
framesdb/images/frame_63mtckpdjfc0y9q8.jpg,Anticipation,,,,3129,373,3842,2408
mscoco/images/COCO_val2014_000000202476.jpg,Anticipation,0.5,0.8,0.7,286,66,507,426
mscoco/images/COCO_train2014_000000269588.jpg,Anticipation,0.6,0.7,0.6,107,91,302,612
mscoco/images/COCO_train2014_000000221625.jpg,Anticipation,0.7,0.7,0.7,336,22,527,307
mscoco/images/COCO_val2014_000000558171.jpg,Engagement,0.7,0.8,0.8,305,92,461,465
mscoco/images/COCO_train2014_000000006590.jpg,Engagement,0.7,0.4,0.7,188,109,381,382
mscoco/images/COCO_val2014_000000122997.jpg,Engagement,0.5,0.3,0.8,246,63,458,380
framesdb/images/frame_k245twaqc30i5imc.jpg,Engagement,0.7,0.4,0.2,34,26,499,304
framesdb/images/frame_fjgek3oeqc8r0e3o.jpg,Engagement,0.6,0.7,0.6,497,89,625,436
framesdb/images/frame_95x221h7yj814qxc.jpg,Engagement,0.7,0.4,0.7,2035,654,2176,921
mscoco/images/COCO_train2014_000000094268.jpg,Engagement,0.6,0.6,0.2,371,41,468,349
mscoco/images/COCO_train2014_000000094268.jpg,Engagement,0.5,0.7,0.6,78,63,279,401
mscoco/images/COCO_val2014_000000231589.jpg,Engagement,0.8,0.8,0.8,297,70,440,375
mscoco/images/COCO_train2014_000000055276.jpg,Engagement,0.7,0.6,0.7,299,58,517,469
mscoco/images/COCO_val2014_000000568202.jpg,Engagement,0.4,0.4,0.4,108,124,286,328
framesdb/images/frame_erwzk3npaleubsqm.jpg,Engagement,0.7,0.2,0.9,415,144,449,267
framesdb/images/frame_erwzk3npaleubsqm.jpg,Engagement,0.5,0.6,0.5,187,151,218,263
mscoco/images/COCO_train2014_000000549216.jpg,Engagement,0.6,0.4,0.7,243,79,529,438
mscoco/images/COCO_train2014_000000551481.jpg,Engagement,0.6,0.4,0.7,302,73,508,619
mscoco/images/COCO_train2014_000000528657.jpg,Engagement,0.4,0.6,0.9,191,84,342,293
framesdb/images/frame_b1v3bzyq8s4ucvy1.jpg,Engagement,0.7,0.6,0.7,4051,981,5476,3579
mscoco/images/COCO_train2014_000000552054.jpg,Engagement,0.6,0.6,0.7,453,21,588,262
mscoco/images/COCO_train2014_000000563727.jpg,Engagement,0.7,0.6,0.7,90,67,619,421
mscoco/images/COCO_val2014_000000182785.jpg,Engagement,0.7,0.9,0.7,70,75,333,300
framesdb/images/frame_aztc78d4kjclxv9e.jpg,Engagement,0.5,0.6,0.6,378,207,419,255
framesdb/images/frame_kpokdxsxymvz4qk3.jpg,Engagement,0.5,0.9,0.4,585,1,959,499
framesdb/images/frame_08cmg83x4uc6vay4.jpg,Engagement,0.5,0.3,0.3,704,797,1254,1479
framesdb/images/frame_08cmg83x4uc6vay4.jpg,Engagement,0.5,0.5,0.4,2070,1383,3000,2447
framesdb/images/frame_08cmg83x4uc6vay4.jpg,Engagement,0.4,0.5,0.6,1558,1158,1812,1473
framesdb/images/frame_3jwi6nrvfphi4lp6.jpg,Engagement,0.8,0.2,0.7,149,83,283,418
framesdb/images/frame_3jwi6nrvfphi4lp6.jpg,Engagement,0.5,0.4,0.4,536,132,655,432
framesdb/images/frame_3jwi6nrvfphi4lp6.jpg,Engagement,0.6,0.5,0.6,646,129,729,351
mscoco/images/COCO_train2014_000000053608.jpg,Engagement,0.7,0.7,0.8,192,30,394,350
framesdb/images/frame_hzo04gqf487tm689.jpg,Engagement,0.8,0.3,0.4,1,392,136,535
mscoco/images/COCO_train2014_000000014103.jpg,Engagement,0.6,0.8,0.4,458,111,591,424
framesdb/images/frame_bwnq9ntic9dpamg2.jpg,Engagement,0.6,0.6,0.7,41,243,100,353
mscoco/images/COCO_train2014_000000261879.jpg,Engagement,0.7,0.4,0.7,34,77,407,352
mscoco/images/COCO_train2014_000000167028.jpg,Engagement,0.4,0.4,0.5,40,96,283,341
mscoco/images/COCO_train2014_000000167028.jpg,Engagement,0.8,0.8,0.8,283,17,511,326
framesdb/images/frame_gq8umfw35sg36nlq.jpg,Engagement,0.5,0.6,0.6,277,108,357,355
emodb_small/images/h705hnfsvdwf6mh2xw.jpg,Engagement,0.3,0.7,0.4,131,41,300,300
framesdb/images/frame_88u3mzsacaic5583.jpg,Engagement,0.6,0.6,0.6,754,2357,1700,3347
mscoco/images/COCO_train2014_000000213009.jpg,Confidence,0.7,0.9,1.0,44,143,150,288
mscoco/images/COCO_val2014_000000121006.jpg,Confidence,0.8,0.6,0.6,182,83,386,445
mscoco/images/COCO_train2014_000000423647.jpg,Confidence,0.5,0.7,0.7,323,93,601,349
mscoco/images/COCO_train2014_000000432683.jpg,Confidence,0.5,0.7,0.8,52,84,226,479
framesdb/images/frame_hzo04gqf487tm689.jpg,Confidence,0.8,0.6,0.6,137,143,364,491
mscoco/images/COCO_val2014_000000482172.jpg,Confidence,0.6,0.7,0.7,186,180,371,356
mscoco/images/COCO_train2014_000000498702.jpg,Confidence,0.6,0.9,0.6,197,126,451,417
mscoco/images/COCO_val2014_000000108758.jpg,Confidence,0.7,0.5,0.7,59,193,262,453
mscoco/images/COCO_train2014_000000106596.jpg,Confidence,0.6,0.7,0.7,176,25,351,452
framesdb/images/frame_1cnsgmoppetoruv9.jpg,Confidence,0.6,0.2,0.8,108,467,231,587
mscoco/images/COCO_train2014_000000389772.jpg,Confidence,0.8,0.8,0.9,330,65,478,461
mscoco/images/COCO_train2014_000000394058.jpg,Confidence,0.6,0.4,0.7,332,171,439,449
mscoco/images/COCO_train2014_000000367519.jpg,Confidence,0.8,0.2,0.8,51,48,128,214
mscoco/images/COCO_train2014_000000055516.jpg,Confidence,0.7,0.9,0.8,110,158,378,431
mscoco/images/COCO_val2014_000000097924.jpg,Confidence,0.5,1.0,0.9,298,163,421,343
mscoco/images/COCO_val2014_000000075783.jpg,Confidence,0.7,1.0,0.9,194,140,397,330
mscoco/images/COCO_train2014_000000552985.jpg,Confidence,0.8,0.6,0.8,169,110,529,441
mscoco/images/COCO_train2014_000000480947.jpg,Confidence,0.8,0.7,0.8,6,96,133,413
mscoco/images/COCO_train2014_000000443005.jpg,Confidence,0.6,1.0,0.9,225,107,406,327
mscoco/images/COCO_train2014_000000145462.jpg,Confidence,0.8,0.4,0.6,422,52,607,293
mscoco/images/COCO_train2014_000000399630.jpg,Confidence,0.8,0.8,0.7,396,38,559,322
mscoco/images/COCO_train2014_000000563617.jpg,Confidence,0.6,0.4,0.7,371,21,517,339
mscoco/images/COCO_train2014_000000091642.jpg,Confidence,0.8,0.4,0.6,232,38,428,421
framesdb/images/frame_i1gbq80jq8yd2tjk.jpg,Confidence,0.9,0.8,0.7,245,212,375,344
framesdb/images/frame_kuq0kdzyl2m9b7eo.jpg,Confidence,0.7,0.3,0.8,29,252,611,739
mscoco/images/COCO_train2014_000000211033.jpg,Confidence,0.6,0.9,0.6,295,172,437,377
framesdb/images/frame_k7l5mndx4o6fuoat.jpg,Confidence,0.5,0.3,0.4,0,212,60,391
mscoco/images/COCO_train2014_000000385913.jpg,Confidence,0.7,0.4,0.9,303,64,447,380
mscoco/images/COCO_train2014_000000071005.jpg,Confidence,0.8,0.7,0.8,63,105,314,479
mscoco/images/COCO_train2014_000000449889.jpg,Confidence,0.5,0.7,0.9,269,64,400,403
mscoco/images/COCO_train2014_000000296257.jpg,Confidence,0.4,0.6,0.6,216,88,373,414
framesdb/images/frame_7ed6c8al4ihr3zvr.jpg,Confidence,0.5,0.4,0.9,32,99,118,316
mscoco/images/COCO_train2014_000000360475.jpg,Confidence,0.6,0.9,0.9,57,36,484,421
mscoco/images/COCO_train2014_000000535971.jpg,Confidence,0.7,1.0,0.8,287,66,461,281
framesdb/images/frame_jjko64pib60qhjet.jpg,Confidence,0.5,0.3,0.2,344,398,781,1466
mscoco/images/COCO_train2014_000000324882.jpg,Confidence,0.7,0.7,0.7,332,134,479,346
emodb_small/images/3ehhn46l9yimyuaed8.jpg,Confidence,0.6,0.4,0.4,626,55,1082,915
framesdb/images/frame_iki3j35k80cw0t6v.jpg,Confidence,0.5,0.3,0.3,549,409,633,711
mscoco/images/COCO_train2014_000000144608.jpg,Happiness,0.7,0.7,0.6,198,29,300,232
framesdb/images/frame_dkwhvgj0m40g01gs.jpg,Happiness,0.5,0.4,0.9,148,8,471,616
mscoco/images/COCO_train2014_000000140322.jpg,Happiness,0.6,0.7,0.3,158,16,378,304
mscoco/images/COCO_train2014_000000055276.jpg,Happiness,0.7,0.4,0.2,79,77,398,471
mscoco/images/COCO_train2014_000000088609.jpg,Happiness,0.7,0.3,0.7,308,28,574,441
framesdb/images/frame_j44zhny87dief9zp.jpg,Happiness,0.5,0.3,0.4,6,99,144,486
mscoco/images/COCO_train2014_000000524651.jpg,Happiness,0.8,0.7,0.7,144,147,239,430
mscoco/images/COCO_train2014_000000014103.jpg,Happiness,0.7,0.8,0.8,267,89,497,289
framesdb/images/frame_hdepjixs67t3l4zo.jpg,Happiness,0.8,0.6,0.6,210,87,396,311
mscoco/images/COCO_train2014_000000377160.jpg,Happiness,0.8,0.6,0.7,88,14,216,231
mscoco/images/COCO_train2014_000000147012.jpg,Happiness,0.6,0.7,0.7,336,119,534,472
framesdb/images/frame_hqxrmmcc6c2zqzr4.jpg,Happiness,0.7,0.4,0.6,61,20,213,213
framesdb/images/frame_gfeivpuiazkxf29e.jpg,Happiness,0.6,0.4,0.9,144,40,252,265
mscoco/images/COCO_train2014_000000006692.jpg,Happiness,0.7,0.7,0.7,167,8,446,578
mscoco/images/COCO_train2014_000000360548.jpg,Happiness,0.9,0.2,0.8,374,167,491,479
framesdb/images/frame_2m658fp3xgkeqkug.jpg,Happiness,0.5,0.2,0.7,460,235,1599,1066
framesdb/images/frame_c9ctv7ctm2dnic4v.jpg,Happiness,0.5,0.4,0.3,1067,372,1585,1153
framesdb/images/frame_k43u0wqy98p0ihaw.jpg,Happiness,0.6,0.3,0.3,13,859,1557,2517
mscoco/images/COCO_train2014_000000248403.jpg,Happiness,0.5,0.4,0.7,77,28,333,333
mscoco/images/COCO_train2014_000000512854.jpg,Happiness,0.8,0.2,1.0,326,21,470,400
framesdb/images/frame_fq5auwuqb7gh7kn6.jpg,Happiness,0.8,0.7,0.7,115,167,261,313
framesdb/images/frame_fq5auwuqb7gh7kn6.jpg,Happiness,0.7,0.3,0.2,279,233,348,292
mscoco/images/COCO_train2014_000000439678.jpg,Happiness,0.6,0.3,0.7,87,61,217,419
framesdb/images/frame_gko26fo2wzz06i1r.jpg,Happiness,0.8,0.6,0.7,326,68,562,464
framesdb/images/frame_dmt5sh6c2mlvoqp0.jpg,Happiness,0.8,0.5,0.7,431,1,783,479
framesdb/images/frame_hgjcg5y89ooy0gul.jpg,Happiness,0.6,0.4,0.7,844,251,1066,709
framesdb/images/frame_hl32tqfwoavgpc0f.jpg,Happiness,0.6,0.3,0.2,160,25,292,258
framesdb/images/frame_i9i87bp5glxa4qgv.jpg,Happiness,0.6,0.3,0.4,74,42,450,528
mscoco/images/COCO_train2014_000000045659.jpg,Happiness,0.7,0.9,0.9,196,94,516,579
mscoco/images/COCO_train2014_000000483769.jpg,Happiness,0.8,0.6,0.9,259,46,363,250
mscoco/images/COCO_train2014_000000328676.jpg,Happiness,0.6,0.6,0.7,171,76,290,261
framesdb/images/frame_egot35ej6dqtyuvz.jpg,Happiness,0.6,0.4,0.6,221,120,283,364
framesdb/images/frame_egot35ej6dqtyuvz.jpg,Happiness,0.6,0.5,0.7,255,104,347,380
framesdb/images/frame_3s4re47ibjv2yfmm.jpg,Happiness,0.6,0.4,0.6,350,5,606,397
mscoco/images/COCO_train2014_000000091642.jpg,Happiness,0.8,0.4,0.7,391,108,621,420
mscoco/images/COCO_val2014_000000142620.jpg,Happiness,0.6,0.4,0.7,269,5,628,419
mscoco/images/COCO_train2014_000000216987.jpg,Happiness,0.8,0.7,0.6,182,158,376,407
mscoco/images/COCO_train2014_000000103166.jpg,Happiness,0.8,0.4,0.7,254,33,405,364
mscoco/images/COCO_train2014_000000369575.jpg,Pleasure,0.8,0.9,0.8,221,63,448,372
mscoco/images/COCO_train2014_000000334220.jpg,Pleasure,0.6,0.7,0.7,105,80,202,322
mscoco/images/COCO_train2014_000000162177.jpg,Pleasure,0.7,0.5,0.6,207,156,314,436
mscoco/images/COCO_train2014_000000078550.jpg,Pleasure,0.6,0.7,0.7,413,73,564,413
emodb_small/images/4xmnrhc7pxoxbv1rjw.jpg,Pleasure,0.8,0.3,0.5,1,1,497,249
mscoco/images/COCO_train2014_000000053591.jpg,Pleasure,0.5,0.6,0.6,73,29,285,341
mscoco/images/COCO_val2014_000000179898.jpg,Pleasure,0.7,0.6,0.7,93,20,482,479
mscoco/images/COCO_train2014_000000279131.jpg,Pleasure,0.6,0.7,0.6,49,104,396,421
mscoco/images/COCO_train2014_000000156084.jpg,Pleasure,0.8,0.4,0.6,21,79,515,599
mscoco/images/COCO_train2014_000000136316.jpg,Pleasure,0.7,0.8,0.7,147,16,469,473
framesdb/images/frame_2k6cczb6hx4jdrq9.jpg,Pleasure,0.5,0.6,0.6,38,25,236,289
mscoco/images/COCO_train2014_000000480851.jpg,Pleasure,0.8,1.0,0.5,350,106,554,349
mscoco/images/COCO_train2014_000000229449.jpg,Pleasure,0.5,1.0,1.0,262,31,406,246
mscoco/images/COCO_val2014_000000096785.jpg,Pleasure,0.7,0.6,0.6,228,219,388,428
mscoco/images/COCO_train2014_000000553179.jpg,Pleasure,0.6,0.5,0.8,41,49,289,589
mscoco/images/COCO_train2014_000000357837.jpg,Pleasure,0.8,0.8,0.8,283,106,481,426
framesdb/images/frame_kx4x2gnb85gubure.jpg,Pleasure,0.7,0.3,0.8,424,180,487,403
framesdb/images/frame_a8fbmxdln3g2poie.jpg,Pleasure,0.4,0.2,1.0,286,57,724,459
mscoco/images/COCO_train2014_000000078977.jpg,Pleasure,0.6,0.7,0.7,208,75,405,309
mscoco/images/COCO_train2014_000000123907.jpg,Pleasure,0.8,0.4,0.6,194,130,428,416
framesdb/images/frame_l977sym2yk4k1aow.jpg,Pleasure,0.5,0.4,0.4,54,13,226,365
mscoco/images/COCO_train2014_000000370441.jpg,Pleasure,0.8,0.9,0.9,167,38,365,418
framesdb/images/frame_gtjfg923z58plp2f.jpg,Pleasure,0.6,0.5,0.6,623,245,4065,2808
mscoco/images/COCO_train2014_000000035707.jpg,Pleasure,0.8,0.7,0.4,209,5,545,417
mscoco/images/COCO_train2014_000000565360.jpg,Pleasure,0.6,0.8,0.8,195,26,366,419
mscoco/images/COCO_train2014_000000333748.jpg,Pleasure,0.8,0.8,0.8,12,130,144,291
emodb_small/images/am9j3t9a22e5jzjfp2.jpg,Pleasure,0.4,0.3,0.4,114,57,153,116
framesdb/images/frame_e7klbuacxme075uu.jpg,Pleasure,0.7,0.7,0.6,246,117,336,295
mscoco/images/COCO_train2014_000000332135.jpg,Pleasure,0.9,0.7,0.9,108,43,391,353
mscoco/images/COCO_val2014_000000129659.jpg,Pleasure,0.6,0.6,0.6,108,8,453,371
mscoco/images/COCO_val2014_000000175082.jpg,Pleasure,0.8,0.6,0.7,266,37,435,350
framesdb/images/frame_k56u9ldus0ht2r3w.jpg,Pleasure,0.7,0.6,0.5,61,84,604,345
mscoco/images/COCO_train2014_000000013278.jpg,Pleasure,0.6,0.9,0.7,175,79,442,506
framesdb/images/frame_1c2a9wnx8u1fl4we.jpg,Pleasure,0.8,0.7,0.7,314,269,347,315
mscoco/images/COCO_train2014_000000429433.jpg,Pleasure,0.6,0.4,0.7,218,47,471,334
mscoco/images/COCO_train2014_000000140180.jpg,Pleasure,0.6,0.4,0.6,75,59,256,412
mscoco/images/COCO_val2014_000000575487.jpg,Pleasure,0.7,0.6,0.7,263,67,494,322
mscoco/images/COCO_val2014_000000180521.jpg,Pleasure,0.6,0.4,0.7,385,112,580,473
mscoco/images/COCO_train2014_000000137029.jpg,Excitement,0.7,0.9,0.7,137,6,546,462
emodb_small/images/4le1bbiky5djx0iuln.jpg,Excitement,0.6,0.4,0.5,796,532,934,693
framesdb/images/frame_482f0lsguoiv0sk6.jpg,Excitement,0.5,0.6,0.6,82,55,200,244
framesdb/images/frame_4b7yta6mg9sm2x6n.jpg,Excitement,0.8,0.8,0.7,227,18,613,618
mscoco/images/COCO_train2014_000000319521.jpg,Excitement,0.6,0.5,0.7,115,37,219,308
mscoco/images/COCO_train2014_000000095711.jpg,Excitement,0.5,1.0,0.7,280,24,551,444
framesdb/images/frame_i2z4j8ih080q3cma.jpg,Excitement,0.5,0.6,0.6,676,470,761,742
mscoco/images/COCO_train2014_000000385913.jpg,Excitement,0.5,0.5,0.7,255,59,355,365
mscoco/images/COCO_train2014_000000251754.jpg,Excitement,0.6,0.6,0.6,232,49,365,415
mscoco/images/COCO_val2014_000000529314.jpg,Excitement,0.6,0.7,0.7,18,126,128,384
framesdb/images/frame_3xw8740px7b49km0.jpg,Excitement,0.7,0.8,0.8,6,77,92,266
mscoco/images/COCO_train2014_000000433715.jpg,Excitement,0.4,1.0,0.5,152,85,428,308
mscoco/images/COCO_train2014_000000351451.jpg,Excitement,0.6,0.7,0.7,428,112,598,396
emodb_small/images/he3gfq8i7gxouwd8xf.jpg,Excitement,0.4,0.5,0.3,120,1,398,290
mscoco/images/COCO_train2014_000000374553.jpg,Excitement,0.6,0.9,1.0,116,139,425,395
mscoco/images/COCO_train2014_000000112707.jpg,Excitement,0.5,0.5,0.8,205,163,369,358
mscoco/images/COCO_train2014_000000554665.jpg,Excitement,0.7,1.0,0.8,185,69,272,237
mscoco/images/COCO_train2014_000000246044.jpg,Excitement,0.6,0.6,0.6,178,105,278,398
mscoco/images/COCO_train2014_000000306913.jpg,Excitement,0.5,0.4,0.4,18,100,245,452
mscoco/images/COCO_train2014_000000179504.jpg,Excitement,0.6,0.4,0.6,255,76,332,366
mscoco/images/COCO_val2014_000000580613.jpg,Excitement,0.8,0.5,0.7,206,30,485,419
mscoco/images/COCO_train2014_000000032627.jpg,Excitement,0.6,0.8,0.8,172,176,310,412
mscoco/images/COCO_train2014_000000226378.jpg,Excitement,0.5,0.6,0.6,182,185,313,475
mscoco/images/COCO_train2014_000000328064.jpg,Excitement,0.8,0.7,0.7,7,30,343,401
mscoco/images/COCO_train2014_000000021983.jpg,Excitement,0.6,0.5,0.5,289,59,553,424
mscoco/images/COCO_train2014_000000201640.jpg,Excitement,0.7,0.4,0.6,264,24,532,411
mscoco/images/COCO_train2014_000000521218.jpg,Excitement,0.6,0.4,0.7,146,41,443,515
mscoco/images/COCO_train2014_000000406488.jpg,Excitement,0.6,0.6,0.6,310,123,396,401
mscoco/images/COCO_train2014_000000452500.jpg,Excitement,0.7,0.8,0.7,250,145,382,388
mscoco/images/COCO_train2014_000000289662.jpg,Excitement,0.6,0.5,0.6,181,50,337,219
mscoco/images/COCO_train2014_000000244835.jpg,Excitement,0.6,0.5,0.6,133,143,282,370
mscoco/images/COCO_train2014_000000510859.jpg,Excitement,1.0,0.1,1.0,178,189,337,361
emodb_small/images/e9b5cftu9bwcw29nnh.jpg,Excitement,0.5,0.4,0.5,102,40,134,94
mscoco/images/COCO_train2014_000000351749.jpg,Excitement,0.8,0.8,0.7,267,260,504,482
mscoco/images/COCO_train2014_000000538518.jpg,Excitement,0.7,0.7,0.8,190,150,320,475
framesdb/images/frame_27b7dm1sh1ildgcx.jpg,Excitement,0.4,0.4,0.9,481,436,600,606
mscoco/images/COCO_train2014_000000014653.jpg,Excitement,0.5,0.6,0.5,275,138,382,316
mscoco/images/COCO_train2014_000000250877.jpg,Excitement,0.6,0.9,0.4,201,124,385,256
framesdb/images/frame_4b7yta6mg9sm2x6n.jpg,Surprise,0.6,0.6,0.6,662,358,777,616
mscoco/images/COCO_train2014_000000480947.jpg,Surprise,0.5,0.8,0.6,291,82,410,389
mscoco/images/COCO_train2014_000000469667.jpg,Surprise,0.4,0.6,0.6,42,5,435,328
emodb_small/images/hh0dlplyw068ttct7q.jpg,Surprise,0.3,0.6,0.6,256,3,333,196
emodb_small/images/hh0dlplyw068ttct7q.jpg,Surprise,0.4,1.0,0.6,2,22,242,306
emodb_small/images/hh0dlplyw068ttct7q.jpg,Surprise,0.3,0.8,0.3,129,191,375,304
framesdb/images/frame_74lkcx21hyahy01y.jpg,Surprise,0.3,0.6,0.3,25,124,156,353
mscoco/images/COCO_train2014_000000122250.jpg,Surprise,0.5,0.8,0.5,99,118,269,323
emodb_small/images/c6gt3ckhh65l3ibaha.jpg,Surprise,0.2,0.5,0.5,198,5,424,283
framesdb/images/frame_0jitkh35z3x11rxv.jpg,Surprise,0.5,0.8,0.8,269,100,653,582
framesdb/images/frame_fiex8y8ohfcn1odt.jpg,Surprise,0.7,0.4,0.7,607,70,828,494
framesdb/images/frame_fiex8y8ohfcn1odt.jpg,Surprise,0.7,0.6,0.6,469,88,580,294
mscoco/images/COCO_train2014_000000513124.jpg,Surprise,0.6,0.9,0.9,119,65,340,369
mscoco/images/COCO_val2014_000000106113.jpg,Surprise,0.4,0.4,0.4,288,168,419,369
emodb_small/images/4jdr4joweoi5dedxky.jpg,Surprise,0.3,0.6,0.4,-1,1,102,266
emodb_small/images/8u356oxk5s7sgj1hvf.jpg,Surprise,0.4,0.2,0.2,167,40,599,363
mscoco/images/COCO_val2014_000000269098.jpg,Surprise,0.5,0.6,0.6,279,101,500,425
framesdb/images/frame_3j8fpei7ais7ioo3.jpg,Surprise,0.6,0.5,0.4,167,884,684,2274
emodb_small/images/dkcdoniucgma3ljau4.jpg,Surprise,0.2,0.4,0.2,2,106,799,509
mscoco/images/COCO_val2014_000000055528.jpg,Surprise,0.8,0.6,0.9,144,5,544,474
mscoco/images/COCO_train2014_000000002372.jpg,Surprise,0.5,0.5,0.5,125,53,496,426
mscoco/images/COCO_train2014_000000031794.jpg,Surprise,0.5,0.8,0.6,407,139,549,374
mscoco/images/COCO_train2014_000000052897.jpg,Surprise,0.5,0.7,0.6,132,157,285,412
emodb_small/images/h7vpzemgea4y12fi5q.jpg,Surprise,0.4,0.4,0.6,349,96,480,298
emodb_small/images/h7vpzemgea4y12fi5q.jpg,Surprise,0.3,0.7,0.1,20,51,205,299
framesdb/images/frame_chiiybhtwodylpwy.jpg,Surprise,0.7,0.9,0.7,147,121,280,450
emodb_small/images/am9j3t9a22e5jzjfp2.jpg,Surprise,0.4,0.3,0.4,212,51,266,121
framesdb/images/frame_14iknyfwkaiybiqi.jpg,Surprise,0.6,0.4,0.7,358,49,531,345
mscoco/images/COCO_val2014_000000146120.jpg,Surprise,0.6,0.6,0.6,44,181,239,476
framesdb/images/frame_cbfyiwge4be9on3e.jpg,Surprise,0.5,0.2,0.9,357,17,630,474
framesdb/images/frame_59d8sov4rs6g2xp4.jpg,Surprise,0.6,0.3,0.7,570,284,844,803
emodb_small/images/eyd27i8afqr4hfed0w.jpg,Surprise,0.5,0.5,0.6,309,115,414,262
mscoco/images/COCO_train2014_000000029582.jpg,Surprise,0.7,0.4,0.6,144,21,257,307
mscoco/images/COCO_train2014_000000034100.jpg,Surprise,0.6,0.9,0.8,58,114,266,474
emodb_small/images/hijg5oi27a7glihvq6.jpg,Surprise,0.4,0.6,0.6,498,75,1183,864
emodb_small/images/hijg5oi27a7glihvq6.jpg,Surprise,0.5,0.5,0.5,121,101,603,876
mscoco/images/COCO_val2014_000000222512.jpg,Surprise,0.6,0.1,0.1,44,120,246,305
mscoco/images/COCO_train2014_000000283303.jpg,Surprise,0.5,0.5,0.7,270,95,405,321
emodb_small/images/ebpsbjqzfhd7efh00i.jpg,Sympathy,0.2,0.3,0.4,177,11,570,471
framesdb/images/frame_belw7xz1lwepxcyq.jpg,Sympathy,0.5,0.4,0.4,203,136,297,252
framesdb/images/frame_4tdwa014fryeivdi.jpg,Sympathy,0.8,0.7,0.7,498,70,650,605
mscoco/images/COCO_train2014_000000423834.jpg,Sympathy,0.6,0.8,0.7,255,93,370,401
mscoco/images/COCO_train2014_000000031590.jpg,Sympathy,0.7,0.5,0.4,310,271,480,426
mscoco/images/COCO_train2014_000000011690.jpg,Sympathy,0.5,0.9,1.0,234,34,375,339
mscoco/images/COCO_val2014_000000558294.jpg,Sympathy,0.7,0.7,0.7,462,44,616,437
framesdb/images/frame_77qu28arixwblan1.jpg,Sympathy,0.7,0.4,0.6,191,156,334,357
emodb_small/images/dnz8r16rduh2vxoigq.jpg,Sympathy,0.3,0.5,0.7,509,0,938,668
mscoco/images/COCO_train2014_000000443084.jpg,Sympathy,0.8,0.5,0.9,79,29,318,438
framesdb/images/frame_bdmxcn549kxpgyuz.jpg,Sympathy,0.6,0.3,0.4,697,20,861,245
framesdb/images/frame_8ltmp4v74tu3grzd.jpg,Sympathy,0.8,0.6,0.5,13,13,439,430
mscoco/images/COCO_train2014_000000317349.jpg,Sympathy,0.6,0.4,0.6,67,36,332,478
emodb_small/images/e6boj6smji3dnyouuj.jpg,Sympathy,0.1,0.3,0.2,285,0,847,478
mscoco/images/COCO_val2014_000000118966.jpg,Sympathy,0.8,0.6,0.7,206,50,476,363
mscoco/images/COCO_val2014_000000262353.jpg,Sympathy,0.6,0.4,0.7,96,217,313,506
framesdb/images/frame_b3kr0jo6wpi3h6q9.jpg,Sympathy,0.7,0.3,0.3,1327,342,1590,1159
framesdb/images/frame_4nflflpt92cq1v77.jpg,Sympathy,0.5,1.0,0.7,100,414,271,553
mscoco/images/COCO_val2014_000000541924.jpg,Sympathy,0.7,0.6,0.7,272,196,383,539
mscoco/images/COCO_train2014_000000366048.jpg,Sympathy,0.7,0.8,0.8,219,133,486,362
mscoco/images/COCO_train2014_000000441461.jpg,Sympathy,1.0,0.7,0.8,493,121,596,370
emodb_small/images/e9b5cftu9bwcw29nnh.jpg,Sympathy,0.4,0.4,0.7,252,1,456,289
emodb_small/images/e9b5cftu9bwcw29nnh.jpg,Sympathy,0.1,0.7,0.1,109,48,292,289
emodb_small/images/2ldklkk137ks9aufpe.jpg,Sympathy,0.7,0.6,0.7,136,0,273,180
mscoco/images/COCO_val2014_000000243482.jpg,Sympathy,0.4,0.6,0.5,42,120,255,340
mscoco/images/COCO_val2014_000000497002.jpg,Sympathy,0.7,0.6,0.6,96,53,339,467
emodb_small/images/es1e330nznobcurs4z.jpg,Sympathy,0.2,0.5,0.1,199,1,272,173
emodb_small/images/es1e330nznobcurs4z.jpg,Sympathy,0.2,0.7,0.6,10,3,220,172
mscoco/images/COCO_train2014_000000144620.jpg,Sympathy,0.7,0.8,0.7,43,65,251,413
framesdb/images/frame_aniupzjqv88h989h.jpg,Sympathy,0.7,0.5,0.7,184,92,337,379
emodb_small/images/7lj5yqy3a3keo5ptlj.jpg,Sympathy,0.5,0.4,0.1,129,35,598,256
emodb_small/images/eyd27i8afqr4hfed0w.jpg,Sympathy,0.5,0.4,0.6,323,133,537,334
mscoco/images/COCO_val2014_000000179141.jpg,Sympathy,0.8,0.7,0.8,109,49,279,355
mscoco/images/COCO_val2014_000000190372.jpg,Sympathy,0.7,0.4,0.8,27,109,209,409
mscoco/images/COCO_train2014_000000464415.jpg,Sympathy,0.6,0.4,0.7,161,43,346,479
mscoco/images/COCO_train2014_000000134893.jpg,Sympathy,0.6,0.9,0.8,61,154,168,430
emodb_small/images/a70o0l552iqxerys7g.jpg,Sympathy,0.2,0.4,0.4,803,9,1795,968
mscoco/images/COCO_val2014_000000180521.jpg,Sympathy,0.9,0.3,0.9,25,122,161,322
mscoco/images/COCO_val2014_000000562243.jpg,Doubt/Confusion,0.5,0.3,0.9,86,58,564,628
emodb_small/images/78tk87458zwsmxaoi7.jpg,Doubt/Confusion,0.3,0.4,0.3,122,1,374,222
framesdb/images/frame_hdepjixs67t3l4zo.jpg,Doubt/Confusion,0.4,0.4,0.8,36,18,122,128
mscoco/images/COCO_train2014_000000002842.jpg,Doubt/Confusion,0.5,0.6,0.5,359,124,547,435
emodb_small/images/85e4yd4bqerachtx4a.jpg,Doubt/Confusion,0.4,0.4,0.5,4,2,203,320
mscoco/images/COCO_train2014_000000206801.jpg,Doubt/Confusion,0.4,0.7,0.4,95,23,555,419
mscoco/images/COCO_train2014_000000104888.jpg,Doubt/Confusion,0.4,0.4,0.4,196,43,436,422
mscoco/images/COCO_train2014_000000183538.jpg,Doubt/Confusion,0.6,0.4,0.6,195,82,351,247
mscoco/images/COCO_val2014_000000259497.jpg,Doubt/Confusion,0.7,0.3,0.9,376,312,598,543
mscoco/images/COCO_val2014_000000511066.jpg,Doubt/Confusion,0.4,0.3,0.9,321,24,481,354
framesdb/images/frame_5zvm7jv460br8d5g.jpg,Doubt/Confusion,0.8,0.4,0.8,302,398,371,507
mscoco/images/COCO_val2014_000000102517.jpg,Doubt/Confusion,0.2,0.5,0.6,166,61,628,420
emodb_small/images/68ywy6tv3qzjmyl3ip.jpg,Doubt/Confusion,0.3,0.4,0.4,2,3,195,255
emodb_small/images/awm6wf1u8hehkvpl9r.jpg,Doubt/Confusion,0.5,0.4,0.6,101,2,296,305
ade20k/images/sun_avvemgvxatrpclie.jpg,Doubt/Confusion,0.5,0.4,0.6,27,35,75,135
mscoco/images/COCO_train2014_000000077012.jpg,Doubt/Confusion,0.5,0.4,0.7,15,267,329,498
mscoco/images/COCO_val2014_000000247317.jpg,Doubt/Confusion,0.6,0.3,0.8,54,120,252,340
ade20k/images/sun_bcqhfikrglmxqdqc.jpg,Doubt/Confusion,0.5,0.4,0.5,834,277,1083,740
mscoco/images/COCO_val2014_000000479808.jpg,Doubt/Confusion,0.4,0.5,0.5,302,67,588,479
mscoco/images/COCO_train2014_000000570738.jpg,Doubt/Confusion,0.6,0.7,0.8,374,202,476,452
emodb_small/images/8envv4lus044d68bse.jpg,Doubt/Confusion,0.3,0.4,0.3,12,0,588,443
framesdb/images/frame_7src19u0l6oz4fv2.jpg,Doubt/Confusion,0.5,0.6,0.4,32,293,82,427
mscoco/images/COCO_train2014_000000050161.jpg,Doubt/Confusion,0.3,0.3,0.3,117,90,235,386
mscoco/images/COCO_val2014_000000488086.jpg,Doubt/Confusion,0.5,0.4,0.7,40,221,304,413
mscoco/images/COCO_train2014_000000575133.jpg,Doubt/Confusion,0.3,0.4,0.4,33,81,284,415
framesdb/images/frame_h7mbqmbmbdrl7hwp.jpg,Doubt/Confusion,0.7,0.6,0.7,456,214,514,382
framesdb/images/frame_h7mbqmbmbdrl7hwp.jpg,Doubt/Confusion,0.6,0.3,0.4,377,209,440,403
mscoco/images/COCO_train2014_000000552895.jpg,Doubt/Confusion,0.6,0.4,0.7,113,31,386,370
mscoco/images/COCO_train2014_000000144388.jpg,Doubt/Confusion,0.7,0.7,0.7,49,112,216,450
framesdb/images/frame_cypxzomjoyjmel85.jpg,Doubt/Confusion,0.4,0.8,0.3,65,110,271,511
framesdb/images/frame_i1b36c5f7mf4oqnm.jpg,Doubt/Confusion,0.6,0.7,0.7,653,254,794,644
emodb_small/images/6ru9myoiseatt9m1g2.jpg,Doubt/Confusion,0.3,0.3,0.4,17,2,315,160
mscoco/images/COCO_train2014_000000543201.jpg,Doubt/Confusion,0.5,0.7,0.4,336,34,441,355
mscoco/images/COCO_train2014_000000027307.jpg,Doubt/Confusion,0.7,1.0,1.0,88,47,188,279
framesdb/images/frame_h5s6co5aguuad887.jpg,Doubt/Confusion,0.5,0.6,0.6,250,223,321,411
mscoco/images/COCO_train2014_000000488138.jpg,Doubt/Confusion,0.3,0.2,0.2,43,45,361,395
mscoco/images/COCO_train2014_000000197503.jpg,Doubt/Confusion,0.6,0.4,0.6,310,60,478,405
mscoco/images/COCO_train2014_000000569889.jpg,Doubt/Confusion,0.6,0.5,0.7,243,68,362,427
framesdb/images/frame_95x221h7yj814qxc.jpg,Disconnection,,,,1757,625,1900,910
mscoco/images/COCO_train2014_000000022683.jpg,Disconnection,0.6,0.7,0.7,93,44,370,370
mscoco/images/COCO_val2014_000000508538.jpg,Disconnection,0.4,0.6,0.5,157,89,262,339
framesdb/images/frame_8bcjgl84a80cguy5.jpg,Disconnection,0.7,0.4,0.7,144,104,296,320
framesdb/images/frame_fvot32utqi78m926.jpg,Disconnection,0.5,0.3,0.3,802,659,885,901
mscoco/images/COCO_train2014_000000202906.jpg,Disconnection,0.8,0.4,0.7,110,151,229,294
framesdb/images/frame_8add2r7r1w3oj417.jpg,Disconnection,0.6,0.4,0.7,932,307,1094,510
mscoco/images/COCO_val2014_000000505818.jpg,Disconnection,0.5,0.2,0.5,205,189,379,339
framesdb/images/frame_e2f1a6s2780ils40.jpg,Disconnection,0.5,0.4,0.8,341,643,452,781
mscoco/images/COCO_train2014_000000205131.jpg,Disconnection,0.6,0.4,0.6,440,66,578,421
framesdb/images/frame_7diuhdr9mxx153xs.jpg,Disconnection,0.5,0.5,0.5,590,473,648,624
mscoco/images/COCO_train2014_000000046473.jpg,Disconnection,0.5,0.5,0.4,237,70,376,379
framesdb/images/frame_dqx3pak8cayina6c.jpg,Disconnection,,,,396,572,629,1306
emodb_small/images/85e4yd4bqerachtx4a.jpg,Disconnection,0.4,0.4,0.4,507,13,712,302
framesdb/images/frame_cmwvbpa676fz8xne.jpg,Disconnection,,,,559,15,639,419
framesdb/images/frame_eqqloog40nrqm6m0.jpg,Disconnection,0.7,0.8,0.8,414,146,454,260
framesdb/images/frame_d998hookcg6inu0j.jpg,Disconnection,0.5,0.2,0.9,244,145,583,510
mscoco/images/COCO_val2014_000000531061.jpg,Disconnection,0.4,0.6,0.2,196,38,360,237
framesdb/images/frame_d8e8zt0xx79rhd3a.jpg,Disconnection,0.5,0.5,0.6,1506,560,1757,1032
framesdb/images/frame_dy0xnq4fy1sn1ra8.jpg,Disconnection,,,,3050,735,3702,2287
framesdb/images/frame_dy0xnq4fy1sn1ra8.jpg,Disconnection,,,,1,535,535,1862
framesdb/images/frame_dy0xnq4fy1sn1ra8.jpg,Disconnection,0.5,0.4,0.5,3566,611,3793,982
framesdb/images/frame_kz4qbgr5rna0vfaf.jpg,Disconnection,0.5,0.3,0.6,357,125,397,203
framesdb/images/frame_7s5y7yti09w5wwo4.jpg,Disconnection,0.5,0.5,0.6,450,255,522,435
framesdb/images/frame_5trqiebh1s6h9lg6.jpg,Disconnection,0.5,0.3,0.3,1933,269,2214,906
framesdb/images/frame_5trqiebh1s6h9lg6.jpg,Disconnection,0.5,0.5,0.4,1877,485,2019,886
mscoco/images/COCO_train2014_000000033631.jpg,Disconnection,0.6,0.4,0.7,365,36,533,386
framesdb/images/frame_78cvnjrqof09ixds.jpg,Disconnection,0.5,0.4,0.6,85,134,348,367
mscoco/images/COCO_train2014_000000499425.jpg,Disconnection,0.5,0.4,0.8,190,28,476,420
framesdb/images/frame_9931k2p1ko1u30qy.jpg,Disconnection,0.5,0.6,0.4,210,349,621,805
mscoco/images/COCO_val2014_000000168491.jpg,Disconnection,0.5,0.5,0.5,345,81,534,372
framesdb/images/frame_746ku2c3z5y835ti.jpg,Disconnection,0.5,0.4,0.6,1,268,198,1099
emodb_small/images/ahn1gc4jxzwx0a6s13.jpg,Disconnection,0.5,0.4,0.3,98,2,426,299
framesdb/images/frame_77qu28arixwblan1.jpg,Disconnection,0.6,0.3,0.8,395,147,614,408
ade20k/images/sun_avvemgvxatrpclie.jpg,Disconnection,0.4,0.4,0.7,138,56,269,168
framesdb/images/frame_6fdrr65sbgvhbs0o.jpg,Disconnection,0.6,0.5,0.6,451,54,504,231
framesdb/images/frame_cirbkrxk7gfqdi0x.jpg,Disconnection,0.4,0.4,0.4,460,1385,733,1703
mscoco/images/COCO_val2014_000000198154.jpg,Disconnection,0.7,0.6,0.7,18,158,172,319
mscoco/images/COCO_train2014_000000261879.jpg,Fatigue,0.5,0.2,0.4,353,156,629,421
mscoco/images/COCO_train2014_000000162177.jpg,Fatigue,0.7,0.3,0.8,103,155,207,434
emodb_small/images/edknfl4d7l58nt06sm.jpg,Fatigue,0.2,0.7,0.2,27,1,339,226
mscoco/images/COCO_val2014_000000553443.jpg,Fatigue,0.5,0.4,0.7,114,153,243,349
emodb_small/images/8w9mab5ujnmma506e1.jpg,Fatigue,0.5,0.1,0.2,192,17,505,335
ade20k/images/sun_deeiqqckmjalhvyj.jpg,Fatigue,0.5,0.3,0.4,260,42,392,187
mscoco/images/COCO_val2014_000000523953.jpg,Fatigue,0.4,0.2,0.9,140,108,331,252
mscoco/images/COCO_train2014_000000241265.jpg,Fatigue,0.7,0.7,0.8,114,94,184,312
emodb_small/images/c3ezirejabm4sgyzix.jpg,Fatigue,0.3,0.4,0.4,203,42,457,377
mscoco/images/COCO_train2014_000000205299.jpg,Fatigue,0.7,0.7,0.6,18,99,153,305
emodb_small/images/6vd6w47myjp3fuod1j.jpg,Fatigue,0.5,0.3,0.5,2,12,212,226
mscoco/images/COCO_val2014_000000069356.jpg,Fatigue,0.4,0.5,0.5,416,131,526,458
mscoco/images/COCO_val2014_000000016959.jpg,Fatigue,0.6,0.5,0.7,203,71,389,468
mscoco/images/COCO_train2014_000000264197.jpg,Fatigue,0.6,0.5,0.6,279,103,480,422
emodb_small/images/7izh0beosiq1gwvw2h.jpg,Fatigue,0.5,0.4,0.5,65,93,288,409
mscoco/images/COCO_train2014_000000154462.jpg,Fatigue,0.6,0.5,0.6,188,74,371,472
emodb_small/images/8xdy7wkwjf8cye47vf.jpg,Fatigue,0.5,0.5,0.7,142,10,261,245
mscoco/images/COCO_train2014_000000157194.jpg,Fatigue,0.6,0.5,0.6,186,42,323,234
emodb_small/images/7yfw4gdcdak0kdvqu2.jpg,Fatigue,0.4,0.3,0.4,0,1,245,183
emodb_small/images/7ra2q7lp16or6suhp5.jpg,Fatigue,0.3,0.3,0.3,81,1,288,173
emodb_small/images/am9j3t9a22e5jzjfp2.jpg,Fatigue,0.4,0.4,0.4,104,111,180,199
emodb_small/images/am9j3t9a22e5jzjfp2.jpg,Fatigue,0.4,0.4,0.6,156,53,207,115
emodb_small/images/7wkw1c1nde6b0u2gqr.jpg,Fatigue,0.4,0.2,0.7,79,27,248,168
mscoco/images/COCO_val2014_000000491689.jpg,Fatigue,0.7,0.6,0.9,120,8,321,463
emodb_small/images/7hogfrr8pgo4xd9uza.jpg,Fatigue,0.4,0.2,0.2,10,28,231,184
mscoco/images/COCO_train2014_000000155417.jpg,Fatigue,0.6,0.9,0.8,138,74,293,414
emodb_small/images/8ivunqxoi7to4qvg43.jpg,Fatigue,0.5,0.1,0.4,212,90,2003,1241
mscoco/images/COCO_train2014_000000256431.jpg,Fatigue,0.7,0.4,0.8,366,128,461,384
emodb_small/images/8v2pdcpemnwcnqhrlt.jpg,Fatigue,0.3,0.5,0.5,91,5,414,518
mscoco/images/COCO_val2014_000000573819.jpg,Fatigue,0.5,0.4,0.7,149,97,326,324
mscoco/images/COCO_train2014_000000019375.jpg,Fatigue,0.7,0.4,0.7,34,204,175,489
mscoco/images/COCO_train2014_000000091465.jpg,Fatigue,0.6,0.7,0.6,58,242,398,491
mscoco/images/COCO_val2014_000000055223.jpg,Fatigue,0.6,0.7,0.9,370,146,544,413
mscoco/images/COCO_train2014_000000112124.jpg,Fatigue,0.6,0.8,0.7,257,47,356,294
emodb_small/images/84ylr78s2vu1x66mau.jpg,Fatigue,0.3,0.6,0.4,34,5,186,136
mscoco/images/COCO_train2014_000000168763.jpg,Fatigue,0.6,0.5,0.6,411,283,527,558
emodb_small/images/dffd0x4aalsu45395f.jpg,Fatigue,0.1,0.5,0.2,237,21,676,451
mscoco/images/COCO_train2014_000000493439.jpg,Fatigue,0.5,0.1,0.4,167,148,415,424
framesdb/images/frame_63mtckpdjfc0y9q8.jpg,Embarrassment,0.7,0.8,0.4,167,454,677,2166
mscoco/images/COCO_train2014_000000296153.jpg,Embarrassment,0.4,0.5,0.4,193,199,362,447
mscoco/images/COCO_train2014_000000485224.jpg,Embarrassment,0.6,0.2,1.0,300,87,444,411
mscoco/images/COCO_train2014_000000472266.jpg,Embarrassment,0.8,0.7,0.7,379,22,563,442
emodb_small/images/b3kg3dju8rmaxpf4ia.jpg,Embarrassment,0.3,0.6,0.5,2,5,392,502
mscoco/images/COCO_train2014_000000387299.jpg,Embarrassment,0.7,1.0,1.0,298,60,446,290
mscoco/images/COCO_train2014_000000033272.jpg,Embarrassment,0.6,1.0,1.0,20,162,153,328
mscoco/images/COCO_val2014_000000555538.jpg,Embarrassment,0.5,0.5,0.7,49,27,162,349
mscoco/images/COCO_train2014_000000502508.jpg,Embarrassment,0.6,0.6,0.5,322,161,488,387
ade20k/images/labelme_uxykffazxuuosbb.jpg,Embarrassment,0.4,0.4,0.4,1628,771,2087,1944
mscoco/images/COCO_train2014_000000005471.jpg,Embarrassment,0.6,0.7,0.7,43,121,334,421
emodb_small/images/eicizjamovv03k3xcj.jpg,Embarrassment,0.2,0.3,0.2,170,67,742,734
emodb_small/images/h7vpzemgea4y12fi5q.jpg,Embarrassment,0.3,0.6,0.6,5,22,218,300
mscoco/images/COCO_train2014_000000018396.jpg,Embarrassment,0.5,0.2,1.0,176,18,561,589
framesdb/images/frame_k9xzbwxfy48vd3uw.jpg,Embarrassment,0.5,0.3,0.4,76,42,410,482
mscoco/images/COCO_train2014_000000247068.jpg,Embarrassment,0.6,0.4,0.6,340,31,511,326
mscoco/images/COCO_train2014_000000487458.jpg,Embarrassment,0.6,0.9,0.6,121,131,300,423
mscoco/images/COCO_train2014_000000499396.jpg,Embarrassment,0.7,0.4,0.4,119,70,374,326
mscoco/images/COCO_val2014_000000561491.jpg,Embarrassment,0.6,0.3,0.9,117,115,333,455
mscoco/images/COCO_train2014_000000489107.jpg,Embarrassment,0.3,0.4,0.3,341,60,489,347
ade20k/images/sun_aclothkttyccszmc.jpg,Embarrassment,0.5,0.4,0.6,153,103,203,251
mscoco/images/COCO_val2014_000000487338.jpg,Embarrassment,0.6,0.6,0.6,316,146,628,531
framesdb/images/frame_0ldz88bmoxvgqove.jpg,Embarrassment,0.5,0.7,0.7,197,183,2125,2093
mscoco/images/COCO_train2014_000000021747.jpg,Embarrassment,0.7,0.9,0.7,118,92,446,437
mscoco/images/COCO_train2014_000000512458.jpg,Embarrassment,0.4,0.8,0.8,46,84,177,368
mscoco/images/COCO_train2014_000000015678.jpg,Embarrassment,0.4,0.6,0.5,78,135,188,456
emodb_small/images/6ypnlgwpdwm4cxhzyq.jpg,Embarrassment,0.3,0.4,0.4,6,4,226,394
mscoco/images/COCO_train2014_000000506735.jpg,Embarrassment,0.7,0.4,0.4,63,300,209,472
emodb_small/images/gssths0kyu8ulve7sg.jpg,Embarrassment,0.2,0.5,0.3,1,1,177,273
mscoco/images/COCO_train2014_000000504492.jpg,Embarrassment,0.6,0.7,0.6,189,99,349,463
emodb_small/images/ga228xx0ev5bzcwwik.jpg,Embarrassment,0.3,0.4,0.3,91,1,1454,741
framesdb/images/frame_fhk5svb2ww1s6v9s.jpg,Embarrassment,0.3,0.6,0.6,47,99,312,590
emodb_small/images/e21mn5q3qdfpnalcek.jpg,Embarrassment,0.4,0.4,0.4,1,15,354,480
mscoco/images/COCO_train2014_000000381377.jpg,Embarrassment,0.6,0.7,0.7,228,112,330,368
emodb_small/images/gsdbbh55557mi0cas4.jpg,Embarrassment,0.3,0.4,0.1,210,3,314,158
mscoco/images/COCO_train2014_000000084801.jpg,Embarrassment,0.5,0.7,0.7,339,137,607,405
mscoco/images/COCO_train2014_000000419249.jpg,Embarrassment,0.8,0.7,0.4,101,110,249,474
framesdb/images/frame_cwyxahgbij3estub.jpg,Embarrassment,0.4,0.3,0.3,76,32,238,358
mscoco/images/COCO_train2014_000000179164.jpg,Yearning,0.2,0.3,0.3,28,240,201,472
mscoco/images/COCO_train2014_000000326320.jpg,Yearning,0.6,0.4,0.7,381,92,493,388
mscoco/images/COCO_train2014_000000233526.jpg,Yearning,0.8,0.8,0.7,418,120,582,260
mscoco/images/COCO_train2014_000000159225.jpg,Yearning,0.6,0.6,0.6,24,33,207,362
mscoco/images/COCO_train2014_000000385744.jpg,Yearning,0.5,0.4,0.7,26,64,300,420
framesdb/images/frame_hgjcg5y89ooy0gul.jpg,Yearning,0.6,0.3,0.4,97,93,300,655
mscoco/images/COCO_train2014_000000383452.jpg,Yearning,0.4,0.6,0.7,327,22,521,377
mscoco/images/COCO_train2014_000000392055.jpg,Yearning,0.6,0.4,0.8,199,9,373,246
mscoco/images/COCO_train2014_000000258853.jpg,Yearning,0.7,0.5,0.6,174,43,329,369
mscoco/images/COCO_train2014_000000258094.jpg,Yearning,0.6,0.4,0.7,23,127,128,345
mscoco/images/COCO_train2014_000000333684.jpg,Yearning,0.7,0.6,0.7,52,73,262,361
mscoco/images/COCO_train2014_000000350939.jpg,Yearning,0.6,0.4,0.7,483,7,599,342
mscoco/images/COCO_train2014_000000159768.jpg,Yearning,0.6,0.4,0.6,375,67,610,344
mscoco/images/COCO_train2014_000000431400.jpg,Yearning,0.6,0.7,0.8,102,79,226,262
mscoco/images/COCO_train2014_000000516474.jpg,Yearning,0.8,0.7,0.4,170,60,420,346
mscoco/images/COCO_train2014_000000430205.jpg,Yearning,0.5,0.6,0.7,165,248,373,470
mscoco/images/COCO_train2014_000000309873.jpg,Yearning,0.4,0.6,0.7,179,111,500,471
mscoco/images/COCO_train2014_000000403567.jpg,Yearning,0.5,0.7,0.8,438,25,569,309
mscoco/images/COCO_train2014_000000298160.jpg,Yearning,0.6,0.4,0.7,270,143,466,591
mscoco/images/COCO_train2014_000000226350.jpg,Yearning,0.5,0.4,0.8,250,146,380,367
mscoco/images/COCO_train2014_000000224230.jpg,Yearning,0.5,0.5,0.7,159,37,335,497
mscoco/images/COCO_train2014_000000331278.jpg,Yearning,0.6,0.4,0.7,159,240,452,477
mscoco/images/COCO_train2014_000000399922.jpg,Yearning,0.7,0.7,0.7,102,93,227,331
mscoco/images/COCO_train2014_000000160152.jpg,Yearning,0.8,0.7,0.7,67,20,177,394
emodb_small/images/3wj2x6ifpqruktlzo3.jpg,Yearning,0.4,0.4,0.5,143,34,363,225
mscoco/images/COCO_train2014_000000225508.jpg,Yearning,0.6,0.7,0.6,102,148,272,400
mscoco/images/COCO_train2014_000000127073.jpg,Yearning,0.6,0.7,0.6,330,21,522,367
mscoco/images/COCO_train2014_000000184201.jpg,Yearning,0.5,0.5,0.8,26,203,181,347
mscoco/images/COCO_train2014_000000369478.jpg,Yearning,0.5,0.6,0.9,16,50,400,376
mscoco/images/COCO_train2014_000000332913.jpg,Yearning,0.6,0.7,0.8,180,139,309,321
mscoco/images/COCO_train2014_000000321291.jpg,Yearning,0.6,0.9,1.0,314,119,580,420
mscoco/images/COCO_train2014_000000254562.jpg,Yearning,0.6,0.4,0.7,184,122,275,426
mscoco/images/COCO_train2014_000000220790.jpg,Yearning,0.5,0.4,0.7,370,141,620,455
mscoco/images/COCO_train2014_000000268428.jpg,Yearning,0.5,0.4,0.7,351,6,541,247
mscoco/images/COCO_train2014_000000292351.jpg,Yearning,0.6,0.7,0.6,360,184,468,446
emodb_small/images/d85m8vhgppaj2t6i68.jpg,Yearning,0.6,0.5,0.7,226,71,447,364
emodb_small/images/d85m8vhgppaj2t6i68.jpg,Yearning,0.5,0.6,0.4,9,84,236,363
mscoco/images/COCO_train2014_000000337882.jpg,Yearning,0.7,0.7,0.8,390,206,591,471
emodb_small/images/gs84txnh5el02zkbp9.jpg,Disapproval,0.3,0.7,0.6,26,3,202,225
emodb_small/images/6h85d8d0rrvntefpkq.jpg,Disapproval,0.3,0.6,0.4,362,8,785,453
emodb_small/images/gfyoe3zypsw0svkvot.jpg,Disapproval,0.2,0.3,0.4,193,4,478,362
framesdb/images/frame_74lkcx21hyahy01y.jpg,Disapproval,0.5,0.6,0.7,330,115,447,353
mscoco/images/COCO_train2014_000000419391.jpg,Disapproval,0.5,0.4,0.7,154,75,327,463
emodb_small/images/bt2t3ffx032msr1kac.jpg,Disapproval,0.3,0.5,0.6,156,172,1064,1719
framesdb/images/frame_lcs8pku339ipaanw.jpg,Disapproval,0.5,0.5,0.6,442,306,611,492
ade20k/images/sun_atvptssfhfcmrtub.jpg,Disapproval,0.4,0.4,0.4,175,181,395,497
framesdb/images/frame_5yw3n4e7oif2n5io.jpg,Disapproval,0.5,0.4,0.3,214,188,314,406
mscoco/images/COCO_val2014_000000061175.jpg,Disapproval,0.5,0.6,0.6,229,80,337,371
mscoco/images/COCO_train2014_000000127339.jpg,Disapproval,0.6,0.9,0.8,117,80,354,479
mscoco/images/COCO_train2014_000000460095.jpg,Disapproval,0.4,0.4,0.7,126,5,608,431
framesdb/images/frame_59d8sov4rs6g2xp4.jpg,Disapproval,0.4,0.2,1.0,960,250,1082,605
emodb_small/images/cl5sn4ab7c511e353h.jpg,Disapproval,0.3,0.5,0.4,9,1,611,600
emodb_small/images/cogxwvj6pdb8surbrg.jpg,Disapproval,0.3,0.4,0.4,37,8,625,715
emodb_small/images/eyd27i8afqr4hfed0w.jpg,Disapproval,0.4,0.6,0.4,532,44,599,129
emodb_small/images/gtsc9876oqghvxobog.jpg,Disapproval,0.1,0.1,0.1,1,2,260,195
emodb_small/images/f1k0purilsyt1kz7c1.jpg,Disapproval,0.3,0.6,0.6,180,55,433,319
mscoco/images/COCO_train2014_000000024939.jpg,Disapproval,0.7,1.0,0.7,122,24,348,392
mscoco/images/COCO_train2014_000000114326.jpg,Disapproval,0.7,0.9,0.9,32,45,342,446
framesdb/images/frame_l6modb9jnif0xn55.jpg,Disapproval,0.5,0.8,0.8,257,14,415,366
emodb_small/images/gr0n9z2if2cr0v5rch.jpg,Disapproval,0.3,0.6,0.4,200,5,851,560
framesdb/images/frame_lwdfk9rw0eug2k0v.jpg,Disapproval,0.8,0.2,0.9,818,713,1068,1073
emodb_small/images/csi7rxvd0jef22jdm8.jpg,Disapproval,0.3,0.4,0.4,170,133,1799,1719
mscoco/images/COCO_train2014_000000116210.jpg,Disapproval,0.6,0.5,0.7,107,19,409,419
framesdb/images/frame_hutlyzubgxn7n7fu.jpg,Disapproval,0.6,0.3,0.3,1076,274,2048,2395
framesdb/images/frame_6d26bxsf1nhujj90.jpg,Disapproval,0.6,0.4,0.6,460,278,588,418
mscoco/images/COCO_train2014_000000261541.jpg,Disapproval,0.5,0.4,0.7,18,10,223,343
emodb_small/images/9t80q48ur4oculxto4.jpg,Disapproval,0.3,0.4,0.5,192,17,335,283
framesdb/images/frame_dtvdd4wtgpvcro5i.jpg,Disapproval,0.3,0.2,0.9,412,1,639,299
emodb_small/images/avimupn5tfrqqw9mgv.jpg,Disapproval,0.4,0.4,0.7,101,6,493,350
mscoco/images/COCO_train2014_000000011801.jpg,Disapproval,0.5,0.4,0.5,239,172,333,457
emodb_small/images/g0mrubg1xve67hngnq.jpg,Disapproval,0.3,0.4,0.4,49,16,355,341
emodb_small/images/gf1hzzo5a6sefs7cjo.jpg,Disapproval,0.5,0.4,0.6,23,47,482,480
framesdb/images/frame_g2m7m29qa583iyrw.jpg,Disapproval,0.6,0.6,0.6,11,42,205,376
framesdb/images/frame_fujao5vwetu3plpx.jpg,Disapproval,0.5,0.4,0.6,146,36,344,300
emodb_small/images/fzvmccnhhau1ov7qhd.jpg,Disapproval,0.3,0.4,0.2,0,2,443,396
emodb_small/images/gsdbbh55557mi0cas4.jpg,Disapproval,0.3,0.5,0.7,1,1,224,157
mscoco/images/COCO_train2014_000000171729.jpg,Aversion,0.6,0.7,0.6,54,185,440,473
emodb_small/images/eh6fo5xazcnas1fxvw.jpg,Aversion,0.3,0.5,0.2,143,105,298,298
framesdb/images/frame_ljbegaqddjfg1rwb.jpg,Aversion,0.8,0.2,0.8,545,115,695,329
emodb_small/images/d7gmvr6bmurwcfacvk.jpg,Aversion,0.5,0.4,0.6,1,14,260,282
mscoco/images/COCO_train2014_000000050274.jpg,Aversion,0.5,1.0,1.0,252,15,600,353
mscoco/images/COCO_val2014_000000575921.jpg,Aversion,0.6,0.4,0.7,176,6,632,479
emodb_small/images/eyd27i8afqr4hfed0w.jpg,Aversion,0.3,0.4,0.4,74,122,365,337
framesdb/images/frame_ltqxqx3ws4i7v779.jpg,Aversion,0.4,0.5,0.5,91,54,281,374
emodb_small/images/gmpjvx38elyg0cye0d.jpg,Aversion,0.2,0.7,0.6,68,15,443,310
emodb_small/images/cra80zwyyunnl2d281.jpg,Aversion,0.3,0.5,0.4,19,24,495,396
mscoco/images/COCO_train2014_000000126356.jpg,Aversion,0.6,0.6,0.7,18,79,320,420
emodb_small/images/fdeaetzik3g6nc3p82.jpg,Aversion,0.2,0.8,0.2,99,37,282,284
emodb_small/images/fzrt5bqlrcjap7ahqp.jpg,Aversion,0.3,0.4,0.3,50,2,263,300
emodb_small/images/e21tabvvmz4ngj0vol.jpg,Aversion,0.2,0.7,0.2,141,153,392,532
framesdb/images/frame_30ikw9t15c2xc0mh.jpg,Aversion,0.7,0.6,0.6,274,64,569,404
emodb_small/images/gf1hzzo5a6sefs7cjo.jpg,Aversion,0.2,0.9,0.8,501,59,897,480
emodb_small/images/fl8ljzsyeha72tbjky.jpg,Aversion,0.3,0.7,0.7,305,9,638,359
mscoco/images/COCO_train2014_000000532457.jpg,Aversion,0.6,0.6,0.7,206,86,370,297
mscoco/images/COCO_train2014_000000032829.jpg,Aversion,0.7,0.5,0.1,304,51,482,472
framesdb/images/frame_32y0gudn65d2bh73.jpg,Aversion,0.7,0.6,0.7,295,127,407,261
emodb_small/images/g43dpf7iroibvwtjit.jpg,Aversion,0.1,0.3,0.3,53,1,301,244
mscoco/images/COCO_train2014_000000402083.jpg,Aversion,0.7,0.7,0.7,109,73,382,359
emodb_small/images/d15eucuofmneliy6bh.jpg,Aversion,0.3,0.5,0.2,2,24,176,316
framesdb/images/frame_8h6ethm0i6kfifjf.jpg,Aversion,0.5,0.6,0.6,22,85,105,192
emodb_small/images/g6ic2rihk9g63m51h7.jpg,Aversion,0.4,0.3,0.3,261,72,300,178
emodb_small/images/3eaojdwymok8ol28m2.jpg,Aversion,0.5,0.2,0.7,429,0,513,267
emodb_small/images/ctvx2pmqvdocr6c228.jpg,Aversion,0.3,0.4,0.2,36,3,785,619
mscoco/images/COCO_train2014_000000189491.jpg,Aversion,0.6,0.4,0.6,119,78,538,421
mscoco/images/COCO_train2014_000000327338.jpg,Aversion,0.5,0.5,0.8,446,38,596,420
emodb_small/images/bukcaslufs4nfqrt66.jpg,Aversion,0.4,0.6,0.6,2,15,184,274
mscoco/images/COCO_train2014_000000000326.jpg,Aversion,0.6,0.1,1.0,152,90,516,425
framesdb/images/frame_gsfqvymchkcr2mle.jpg,Aversion,0.4,0.5,0.5,23,2,441,315
framesdb/images/frame_5sdd0eev2iyqefto.jpg,Aversion,0.5,0.3,0.3,328,428,430,535
mscoco/images/COCO_train2014_000000340292.jpg,Aversion,0.6,0.7,0.6,283,99,468,353
mscoco/images/COCO_train2014_000000489827.jpg,Aversion,0.8,0.4,1.0,246,183,441,479
mscoco/images/COCO_train2014_000000332544.jpg,Aversion,0.6,0.6,0.6,12,57,109,279
emodb_small/images/etm3bw4d2bbe1eo8pl.jpg,Aversion,0.1,0.7,0.1,329,37,531,361
ade20k/images/labelme_wqnscyafmdgxnwn.jpg,Aversion,0.5,0.4,0.9,212,867,630,1954
framesdb/images/frame_erwzk3npaleubsqm.jpg,Annoyance,0.6,0.4,0.7,323,149,355,280
emodb_small/images/h705hnfsvdwf6mh2xw.jpg,Annoyance,0.2,0.8,0.9,2,39,273,300
mscoco/images/COCO_train2014_000000510594.jpg,Annoyance,0.6,0.7,0.6,184,60,383,328
emodb_small/images/fa5r3o08nkixvkvo74.jpg,Annoyance,0.2,1.0,1.0,72,2,267,183
mscoco/images/COCO_train2014_000000054173.jpg,Annoyance,0.7,0.9,0.9,429,125,585,447
emodb_small/images/fkl4w4mjuvmk0vhorj.jpg,Annoyance,0.5,0.9,0.9,243,8,564,396
mscoco/images/COCO_train2014_000000179504.jpg,Annoyance,0.7,0.4,0.8,323,5,625,394
ade20k/images/sun_atvptssfhfcmrtub.jpg,Annoyance,0.4,0.3,0.6,385,192,498,495
emodb_small/images/8trv21y6vlghpsvsqw.jpg,Annoyance,0.4,0.2,0.5,295,96,1810,1202
framesdb/images/frame_00czuq3vnu5xvmr4.jpg,Annoyance,0.4,0.8,0.6,224,133,664,591
framesdb/images/frame_b3kr0jo6wpi3h6q9.jpg,Annoyance,0.5,0.3,0.3,1272,145,1434,581
framesdb/images/frame_dk3kihbe49vq2jdg.jpg,Annoyance,0.5,0.2,0.9,314,54,547,241
mscoco/images/COCO_train2014_000000211071.jpg,Annoyance,0.7,0.6,0.6,167,6,289,410
emodb_small/images/g60siq9z3hzyu7zb3o.jpg,Annoyance,0.4,0.6,0.5,2,135,1183,1424
mscoco/images/COCO_train2014_000000394766.jpg,Annoyance,0.6,0.7,0.6,32,25,489,471
framesdb/images/frame_j940nf7k1rdhkejk.jpg,Annoyance,0.5,0.3,0.2,2272,1392,2914,2293
emodb_small/images/gdli6adbasjcw7uvim.jpg,Annoyance,0.2,0.7,0.6,2,10,401,442
mscoco/images/COCO_val2014_000000187852.jpg,Annoyance,0.7,0.6,0.7,467,180,586,423
mscoco/images/COCO_train2014_000000453686.jpg,Annoyance,0.5,0.4,0.6,23,88,295,365
emodb_small/images/fxsau4v0k656gnk6k0.jpg,Annoyance,0.2,0.8,0.8,18,6,298,248
framesdb/images/frame_l9h5xrw2hjq6eato.jpg,Annoyance,0.5,0.7,0.8,166,64,297,414
mscoco/images/COCO_train2014_000000530745.jpg,Annoyance,0.8,0.7,0.7,336,140,517,372
framesdb/images/frame_j0s89681xd0y9c22.jpg,Annoyance,0.6,0.5,0.4,442,406,782,815
framesdb/images/frame_cdiw8wrcis87vk42.jpg,Annoyance,0.6,0.7,0.6,655,415,1310,1064
mscoco/images/COCO_train2014_000000351890.jpg,Annoyance,0.5,0.4,0.7,25,86,135,478
mscoco/images/COCO_train2014_000000039911.jpg,Annoyance,0.3,0.4,0.3,76,28,282,420
mscoco/images/COCO_train2014_000000250295.jpg,Annoyance,0.6,0.4,0.6,294,139,483,473
emodb_small/images/dyw69dfugp42oekh3p.jpg,Annoyance,0.3,0.5,0.4,25,3,290,296
mscoco/images/COCO_train2014_000000023287.jpg,Annoyance,0.5,0.6,0.6,147,31,326,411
emodb_small/images/gfv420vao1ad716x4t.jpg,Annoyance,0.5,0.5,0.6,2,21,198,300
mscoco/images/COCO_train2014_000000164142.jpg,Annoyance,0.7,0.4,0.6,114,13,381,328
emodb_small/images/g7re4c8l05kbqqh5mg.jpg,Annoyance,0.3,0.4,0.4,4,130,499,674
emodb_small/images/cq38jnhwg7y15250lx.jpg,Annoyance,0.3,0.6,0.4,12,0,273,297
mscoco/images/COCO_train2014_000000510979.jpg,Annoyance,0.6,0.7,0.7,410,262,597,472
framesdb/images/frame_ej6entpaadewgc9y.jpg,Annoyance,0.4,0.3,0.6,399,6,624,409
emodb_small/images/fiz5xorzz2wg3f6mjw.jpg,Annoyance,0.5,0.4,0.4,123,1,479,471
mscoco/images/COCO_val2014_000000136285.jpg,Annoyance,0.6,0.7,0.5,371,16,494,285
emodb_small/images/grdh6brx51v3xinvrb.jpg,Annoyance,0.1,0.7,0.1,65,8,274,182
framesdb/images/frame_jbtqq5ahai9ylby3.jpg,Anger,0.3,0.7,0.9,1935,466,3805,3203
framesdb/images/frame_jho43ngrz6irqpgk.jpg,Anger,0.4,0.7,0.7,201,134,345,360
framesdb/images/frame_lcs8pku339ipaanw.jpg,Anger,0.7,0.8,0.3,1,13,406,492
framesdb/images/frame_img70kzyxcwpcep2.jpg,Anger,0.5,0.2,0.3,26,727,135,863
framesdb/images/frame_akualqxsncjvgeyg.jpg,Anger,0.6,0.7,0.9,249,26,498,350
emodb_small/images/gi0gp6m7tkndd6f112.jpg,Anger,0.3,0.5,0.4,127,1,342,268
framesdb/images/frame_liajpv2rrkm20bo1.jpg,Anger,0.4,0.7,0.5,414,90,510,347
mscoco/images/COCO_train2014_000000517487.jpg,Anger,0.5,0.3,0.1,221,117,624,622
emodb_small/images/gs2trkwi7hos146z4w.jpg,Anger,0.4,0.3,0.4,1,1,246,188
framesdb/images/frame_im5arsnyxuzoyvyh.jpg,Anger,0.5,0.3,0.4,2179,204,3255,2017
mscoco/images/COCO_val2014_000000579056.jpg,Anger,0.6,1.0,0.7,54,102,266,330
emodb_small/images/fw2kgcy7ce4buvo7d3.jpg,Anger,0.3,0.4,0.1,3,145,1015,763
framesdb/images/frame_dy9lbeqikdu279x7.jpg,Anger,0.5,0.2,0.9,43,32,353,308
emodb_small/images/ge1jkzh3eo6k6dkb2v.jpg,Anger,0.2,0.6,0.3,2,4,306,449
mscoco/images/COCO_train2014_000000222977.jpg,Anger,0.6,0.4,0.7,112,4,264,438
emodb_small/images/g7upq9trwmhf1oetgg.jpg,Anger,0.2,0.9,0.9,1,8,499,377
mscoco/images/COCO_train2014_000000509931.jpg,Anger,0.6,0.8,0.7,16,155,228,423
emodb_small/images/ftn81xo2oyd3t7wncr.jpg,Anger,0.2,0.4,0.3,141,0,597,401
emodb_small/images/gog1i3qqqj2cm5jiuc.jpg,Anger,0.2,0.7,0.6,36,6,439,300
mscoco/images/COCO_val2014_000000542755.jpg,Anger,0.5,1.0,0.9,186,27,345,395
emodb_small/images/gyxnznvc0hjr3l6tt6.jpg,Anger,0.1,0.6,0.7,8,6,380,309
framesdb/images/frame_iqljg96xr2wha50c.jpg,Anger,0.6,0.3,0.4,43,385,395,964
emodb_small/images/gooprha47vibt86u4g.jpg,Anger,0.2,0.9,0.9,76,2,448,336
mscoco/images/COCO_val2014_000000084447.jpg,Anger,0.3,0.5,0.4,285,169,537,349
emodb_small/images/g913ioe8wwg2ej06h0.jpg,Anger,0.3,0.7,0.4,21,1,249,166
emodb_small/images/ga5g0gjbgz2zct7vnb.jpg,Anger,0.3,0.7,0.7,263,18,438,247
framesdb/images/frame_louk50k9uo2p3lq1.jpg,Anger,0.3,0.8,0.7,63,138,449,589
emodb_small/images/ft7cx0rkhwxj2tycj0.jpg,Anger,0.5,0.5,0.6,129,185,239,424
emodb_small/images/ft7cx0rkhwxj2tycj0.jpg,Anger,0.2,0.7,0.8,129,69,598,427
framesdb/images/frame_fr35rcsskco53ibw.jpg,Anger,0.5,0.3,0.4,31,88,399,302
framesdb/images/frame_ivvwnayhg9ervnpz.jpg,Anger,0.6,0.4,0.6,265,216,477,529
mscoco/images/COCO_train2014_000000141668.jpg,Anger,0.8,0.7,1.0,100,121,189,401
framesdb/images/frame_lra8o7zw204q54hf.jpg,Anger,0.5,0.9,0.6,1,73,166,427
mscoco/images/COCO_train2014_000000249086.jpg,Anger,0.7,0.5,0.6,209,24,436,335
framesdb/images/frame_jrtyqpp6eibyqoa8.jpg,Anger,0.6,0.5,0.6,293,203,468,433
framesdb/images/frame_ivfv1x55yo7e35rb.jpg,Anger,0.5,0.4,0.3,261,185,363,373
framesdb/images/frame_ivfv1x55yo7e35rb.jpg,Anger,0.6,0.4,0.5,6,351,294,593
framesdb/images/frame_ivfv1x55yo7e35rb.jpg,Anger,0.5,0.4,0.4,437,280,564,430
emodb_small/images/ebpsbjqzfhd7efh00i.jpg,Sensitivity,0.2,0.7,0.4,47,161,616,468
mscoco/images/COCO_train2014_000000274108.jpg,Sensitivity,0.6,0.2,0.5,196,84,382,469
mscoco/images/COCO_train2014_000000274642.jpg,Sensitivity,1.0,0.6,0.8,94,16,402,396
mscoco/images/COCO_train2014_000000233143.jpg,Sensitivity,0.6,0.4,0.7,253,11,438,323
mscoco/images/COCO_train2014_000000417446.jpg,Sensitivity,0.8,0.8,0.7,361,115,451,316
mscoco/images/COCO_train2014_000000319388.jpg,Sensitivity,0.8,0.4,0.6,178,38,466,450
emodb_small/images/dnz8r16rduh2vxoigq.jpg,Sensitivity,0.1,0.7,0.1,45,0,766,667
mscoco/images/COCO_train2014_000000379294.jpg,Sensitivity,0.8,0.8,0.8,53,195,241,490
mscoco/images/COCO_train2014_000000241945.jpg,Sensitivity,0.8,0.4,0.7,176,49,406,450
framesdb/images/frame_isgnogq2h0n1sop7.jpg,Sensitivity,0.6,0.4,0.3,37,127,189,318
mscoco/images/COCO_train2014_000000231719.jpg,Sensitivity,0.5,0.5,0.7,149,116,366,561
mscoco/images/COCO_train2014_000000276639.jpg,Sensitivity,0.6,0.5,0.6,154,109,234,390
mscoco/images/COCO_train2014_000000242712.jpg,Sensitivity,0.5,0.1,0.6,49,73,542,484
mscoco/images/COCO_train2014_000000348680.jpg,Sensitivity,0.6,0.7,0.7,326,56,446,355
mscoco/images/COCO_train2014_000000260838.jpg,Sensitivity,0.3,0.4,0.3,392,69,499,337
emodb_small/images/ejg01p8jo4cvofip7t.jpg,Sensitivity,0.1,0.5,0.5,421,35,784,865
mscoco/images/COCO_train2014_000000236295.jpg,Sensitivity,0.7,0.7,0.7,47,73,184,421
mscoco/images/COCO_train2014_000000250978.jpg,Sensitivity,0.7,0.6,0.6,216,52,407,317
mscoco/images/COCO_train2014_000000222206.jpg,Sensitivity,0.6,0.7,0.6,255,16,431,487
mscoco/images/COCO_train2014_000000321206.jpg,Sensitivity,0.7,0.4,0.8,60,185,377,426
mscoco/images/COCO_train2014_000000399556.jpg,Sensitivity,0.7,0.8,0.7,153,87,305,498
mscoco/images/COCO_train2014_000000270202.jpg,Sensitivity,0.7,0.5,0.4,281,120,437,343
emodb_small/images/es1szlkoa1bc6u318b.jpg,Sensitivity,0.1,0.6,0.1,77,15,275,183
emodb_small/images/c97lzdd2nbl8ttcsvb.jpg,Sensitivity,0.2,0.4,0.2,121,3,581,335
mscoco/images/COCO_train2014_000000367792.jpg,Sensitivity,0.7,0.7,0.7,327,94,594,304
emodb_small/images/dh2n32n6sa7z4dxzgb.jpg,Sensitivity,0.3,0.2,0.1,144,51,271,194
mscoco/images/COCO_train2014_000000376907.jpg,Sensitivity,0.6,0.7,0.9,135,70,249,379
mscoco/images/COCO_train2014_000000385283.jpg,Sensitivity,0.6,0.7,1.0,377,21,611,248
mscoco/images/COCO_train2014_000000415492.jpg,Sensitivity,0.6,0.8,0.9,73,155,232,405
emodb_small/images/8ze4iuoys263mhil2v.jpg,Sensitivity,0.4,0.4,0.2,154,124,1184,865
mscoco/images/COCO_train2014_000000286306.jpg,Sensitivity,0.8,0.8,0.8,173,207,288,414
mscoco/images/COCO_train2014_000000234467.jpg,Sensitivity,0.8,0.5,0.6,10,38,250,416
mscoco/images/COCO_train2014_000000381856.jpg,Sensitivity,0.8,0.8,0.7,215,101,504,537
mscoco/images/COCO_train2014_000000391678.jpg,Sensitivity,0.7,0.4,0.6,68,52,298,479
framesdb/images/frame_j0xzsnmfh9k2uxkr.jpg,Sensitivity,0.6,0.3,0.2,2417,392,3728,2150
mscoco/images/COCO_train2014_000000342965.jpg,Sensitivity,0.5,0.4,0.9,212,115,378,405
mscoco/images/COCO_train2014_000000340633.jpg,Sensitivity,0.6,0.6,0.6,326,270,521,479
mscoco/images/COCO_train2014_000000381967.jpg,Sensitivity,0.7,0.9,0.8,269,120,439,351
emodb_small/images/ebpsbjqzfhd7efh00i.jpg,Sadness,0.2,0.4,0.2,200,182,344,471
mscoco/images/COCO_train2014_000000360271.jpg,Sadness,0.6,0.7,0.7,223,63,432,362
framesdb/images/frame_i257k79i9orxw84k.jpg,Sadness,0.5,0.3,0.4,93,61,240,474
framesdb/images/frame_i257k79i9orxw84k.jpg,Sadness,0.5,0.3,0.4,1,36,127,386
emodb_small/images/fdx9496bahencoj0s8.jpg,Sadness,0.4,0.4,0.6,157,46,384,310
framesdb/images/frame_im9sv2qvbq8n1qob.jpg,Sadness,0.5,0.5,0.6,116,122,252,372
mscoco/images/COCO_train2014_000000086934.jpg,Sadness,0.3,0.4,0.4,77,247,205,475
emodb_small/images/eh6fo5xazcnas1fxvw.jpg,Sadness,0.3,0.6,0.4,2,2,191,300
mscoco/images/COCO_train2014_000000246318.jpg,Sadness,0.6,0.7,0.6,42,34,487,338
mscoco/images/COCO_val2014_000000062068.jpg,Sadness,0.5,0.3,0.9,171,24,280,333
emodb_small/images/ciab2zf1pb72gnx8fe.jpg,Sadness,0.3,0.4,0.6,2,17,180,200
emodb_small/images/e9b5cftu9bwcw29nnh.jpg,Sadness,0.5,0.5,0.5,114,56,171,112
emodb_small/images/9yd3n97r8lj2incfap.jpg,Sadness,0.2,0.5,0.4,83,34,217,209
mscoco/images/COCO_train2014_000000130816.jpg,Sadness,0.6,0.7,0.7,251,141,384,425
emodb_small/images/9bxt4vwyaytxtt5bgk.jpg,Sadness,0.4,0.5,0.3,148,61,292,318
framesdb/images/frame_408eff12kggcdmhx.jpg,Sadness,0.7,0.4,0.4,2,129,223,562
emodb_small/images/eys7tccuzr3mzxxrmx.jpg,Sadness,0.5,0.4,0.7,360,1,588,458
framesdb/images/frame_8y6k5miqg5zyyb17.jpg,Sadness,0.3,0.1,0.4,216,126,568,386
framesdb/images/frame_gxvu6rgtprnbptcd.jpg,Sadness,0.3,0.4,0.2,188,333,668,750
framesdb/images/frame_gxvu6rgtprnbptcd.jpg,Sadness,0.5,0.5,0.6,21,54,218,521
framesdb/images/frame_82lhqgaakcbkookb.jpg,Sadness,0.2,0.3,0.2,915,27,1295,635
framesdb/images/frame_hj0k5ry8gg38vm8y.jpg,Sadness,0.7,0.5,0.5,750,299,931,644
framesdb/images/frame_f8avxp8wf4ouhf32.jpg,Sadness,0.5,0.3,0.4,292,276,466,799
framesdb/images/frame_66ob1dorv8d4sqdm.jpg,Sadness,,,,158,131,354,318
emodb_small/images/a2x107ip2c875c7l3v.jpg,Sadness,0.5,0.4,0.7,131,20,425,282
emodb_small/images/f1k0purilsyt1kz7c1.jpg,Sadness,0.3,0.7,0.6,11,56,366,323
emodb_small/images/30nuw6i66lmickmbly.jpg,Sadness,0.6,0.6,0.9,76,55,452,501
framesdb/images/frame_j0s89681xd0y9c22.jpg,Sadness,0.4,0.8,0.8,851,30,1084,846
emodb_small/images/ekhtdcez1lztslt6z1.jpg,Sadness,0.1,0.1,0.1,3,0,237,211
emodb_small/images/1ggg1cxv951z7z3yjo.jpg,Sadness,0.4,0.4,0.4,195,163,402,610
emodb_small/images/1ggg1cxv951z7z3yjo.jpg,Sadness,0.3,0.1,0.3,226,90,340,236
framesdb/images/frame_l64wl8vyo60wkowq.jpg,Sadness,0.3,0.4,0.4,383,96,570,427
framesdb/images/frame_guioy8i4w963fztm.jpg,Sadness,0.4,0.6,0.6,6,157,145,437
emodb_small/images/ew7m8bfr7dwtrcztca.jpg,Sadness,0.2,0.3,0.2,7,11,1917,1077
framesdb/images/frame_2qqy8icj4xthx9zm.jpg,Sadness,0.5,0.7,0.5,693,155,748,309
mscoco/images/COCO_val2014_000000126583.jpg,Sadness,0.6,0.4,0.9,98,80,315,394
emodb_small/images/cz6xpybqfvn7pmad1a.jpg,Sadness,0.2,0.7,0.5,-1,3,360,268
emodb_small/images/9vpkzp9mlx7d9ws9g8.jpg,Sadness,0.1,0.2,0.2,113,77,255,236
mscoco/images/COCO_train2014_000000497759.jpg,Disquietment,0.5,0.7,0.7,6,71,350,488
framesdb/images/frame_3jwi6nrvfphi4lp6.jpg,Disquietment,0.5,0.6,0.6,35,113,63,222
mscoco/images/COCO_train2014_000000508449.jpg,Disquietment,0.8,0.6,0.2,374,76,624,419
emodb_small/images/4jdr4joweoi5dedxky.jpg,Disquietment,0.4,0.5,0.3,280,0,400,265
mscoco/images/COCO_train2014_000000056126.jpg,Disquietment,0.6,0.7,0.7,204,73,306,349
mscoco/images/COCO_train2014_000000021750.jpg,Disquietment,0.5,0.5,0.6,12,87,224,371
mscoco/images/COCO_train2014_000000038722.jpg,Disquietment,0.6,0.5,0.7,77,108,261,471
framesdb/images/frame_5zj0q9gpt75rrjhy.jpg,Disquietment,0.5,0.5,0.5,229,147,562,500
emodb_small/images/gdli6adbasjcw7uvim.jpg,Disquietment,0.3,0.6,0.4,230,152,580,441
mscoco/images/COCO_train2014_000000031188.jpg,Disquietment,0.2,0.5,0.5,198,65,308,271
mscoco/images/COCO_train2014_000000030431.jpg,Disquietment,0.6,0.4,0.5,114,70,294,353
mscoco/images/COCO_train2014_000000052751.jpg,Disquietment,0.8,0.7,1.0,352,32,515,412
mscoco/images/COCO_train2014_000000475103.jpg,Disquietment,0.5,0.9,0.7,330,200,449,427
mscoco/images/COCO_train2014_000000491140.jpg,Disquietment,0.8,0.8,0.8,284,237,455,590
mscoco/images/COCO_train2014_000000485002.jpg,Disquietment,0.8,0.5,0.7,148,53,532,432
mscoco/images/COCO_train2014_000000042050.jpg,Disquietment,0.7,0.4,0.7,206,162,325,467
mscoco/images/COCO_train2014_000000484385.jpg,Disquietment,0.4,1.0,0.4,195,102,350,323
mscoco/images/COCO_train2014_000000040298.jpg,Disquietment,0.5,0.8,0.8,204,18,371,419
mscoco/images/COCO_train2014_000000015546.jpg,Disquietment,0.5,1.0,0.6,88,53,461,507
mscoco/images/COCO_train2014_000000506710.jpg,Disquietment,0.6,1.0,1.0,181,20,307,208
mscoco/images/COCO_train2014_000000505611.jpg,Disquietment,0.6,0.6,0.6,40,216,169,421
mscoco/images/COCO_train2014_000000496116.jpg,Disquietment,0.4,0.3,0.2,313,17,628,452
mscoco/images/COCO_train2014_000000015957.jpg,Disquietment,0.6,0.8,0.8,215,44,378,394
mscoco/images/COCO_train2014_000000495489.jpg,Disquietment,0.3,0.4,0.5,440,87,610,391
mscoco/images/COCO_train2014_000000493742.jpg,Disquietment,0.8,0.7,0.9,129,52,285,229
mscoco/images/COCO_train2014_000000137681.jpg,Disquietment,0.6,0.7,0.6,76,128,259,489
mscoco/images/COCO_train2014_000000008872.jpg,Disquietment,0.5,0.7,0.7,348,107,439,382
mscoco/images/COCO_train2014_000000026699.jpg,Disquietment,0.4,0.8,0.7,145,35,284,444
mscoco/images/COCO_train2014_000000503557.jpg,Disquietment,0.5,0.8,0.8,66,82,474,476
mscoco/images/COCO_train2014_000000040449.jpg,Disquietment,0.4,0.2,0.2,281,156,391,418
emodb_small/images/er4y04sxe8urhb02w1.jpg,Disquietment,0.5,0.4,0.7,641,1,1096,613
mscoco/images/COCO_train2014_000000200416.jpg,Disquietment,0.8,0.3,0.9,221,71,348,295
mscoco/images/COCO_train2014_000000073864.jpg,Disquietment,0.4,0.4,0.4,197,120,397,332
mscoco/images/COCO_train2014_000000563364.jpg,Disquietment,0.8,0.4,0.7,500,20,587,249
framesdb/images/frame_l13azlwi9v5yz5vg.jpg,Disquietment,0.7,0.5,0.4,36,97,217,543
mscoco/images/COCO_train2014_000000263212.jpg,Disquietment,0.6,0.4,0.6,99,53,299,300
mscoco/images/COCO_train2014_000000488897.jpg,Disquietment,0.6,0.4,0.3,139,97,362,332
mscoco/images/COCO_train2014_000000012424.jpg,Disquietment,0.6,0.5,0.5,8,9,120,254
emodb_small/images/8np055tw5fr7i1ycxl.jpg,Fear,0.4,0.2,0.2,507,369,1542,2037
framesdb/images/frame_6h8pczdocglgh0jl.jpg,Fear,0.7,0.4,0.7,903,518,987,730
mscoco/images/COCO_train2014_000000387270.jpg,Fear,0.8,0.9,0.7,241,124,391,301
framesdb/images/frame_dzyq9ukbsjiicxhe.jpg,Fear,0.4,0.6,0.4,75,176,210,316
emodb_small/images/fdp6ejoy2z5ckxu7uf.jpg,Fear,0.6,0.7,0.6,1,0,659,480
framesdb/images/frame_7a68ral9kucogafl.jpg,Fear,0.6,0.4,0.6,2573,790,3915,2847
mscoco/images/COCO_val2014_000000094926.jpg,Fear,0.6,0.5,0.3,240,83,476,327
mscoco/images/COCO_train2014_000000513077.jpg,Fear,0.6,0.8,0.8,117,143,302,412
mscoco/images/COCO_train2014_000000055637.jpg,Fear,0.6,0.5,0.4,160,131,283,375
mscoco/images/COCO_train2014_000000023447.jpg,Fear,0.6,0.7,0.7,32,63,350,398
mscoco/images/COCO_train2014_000000479095.jpg,Fear,0.3,0.6,0.6,360,150,487,344
mscoco/images/COCO_train2014_000000139000.jpg,Fear,0.4,1.0,0.4,161,155,282,384
framesdb/images/frame_diwx3zfyqzqdobap.jpg,Fear,0.4,0.6,0.6,50,14,235,312
mscoco/images/COCO_train2014_000000473733.jpg,Fear,0.5,1.0,0.9,73,58,353,256
mscoco/images/COCO_val2014_000000572453.jpg,Fear,0.6,0.6,0.9,418,138,600,472
framesdb/images/frame_kdqzkefxm99ebctj.jpg,Fear,0.8,0.3,0.8,307,189,531,623
framesdb/images/frame_6s4sfpzryity441d.jpg,Fear,0.5,0.5,0.3,787,68,1171,768
mscoco/images/COCO_train2014_000000245598.jpg,Fear,0.6,0.7,0.6,48,194,171,371
mscoco/images/COCO_train2014_000000396303.jpg,Fear,0.6,0.4,0.4,106,286,242,486
framesdb/images/frame_7ijs2w0q2mmojydz.jpg,Fear,,,,446,240,523,308
emodb_small/images/f30ns74m5j2m6ytlky.jpg,Fear,0.3,0.7,0.6,119,2,415,289
emodb_small/images/b2a6r33ptewb81m5qn.jpg,Fear,0.4,0.4,0.5,106,0,332,245
framesdb/images/frame_05uw61tegz1kfic4.jpg,Fear,0.8,0.8,0.4,144,24,203,107
mscoco/images/COCO_train2014_000000025549.jpg,Fear,0.8,0.9,0.8,162,136,279,464
mscoco/images/COCO_train2014_000000199835.jpg,Fear,0.6,0.8,0.5,7,20,244,320
framesdb/images/frame_8n7h8jtzvy8n9676.jpg,Fear,0.2,0.2,0.6,1708,658,3306,2166
mscoco/images/COCO_train2014_000000579440.jpg,Fear,0.5,0.9,0.9,307,25,435,335
mscoco/images/COCO_train2014_000000296424.jpg,Fear,0.6,0.7,0.6,82,21,232,156
mscoco/images/COCO_train2014_000000037009.jpg,Fear,0.4,0.4,0.4,185,38,298,312
mscoco/images/COCO_train2014_000000519218.jpg,Fear,0.4,0.8,0.4,447,174,578,345
mscoco/images/COCO_train2014_000000054351.jpg,Fear,0.7,0.7,0.8,358,34,469,389
mscoco/images/COCO_train2014_000000480088.jpg,Fear,0.1,0.8,0.1,33,65,209,364
mscoco/images/COCO_train2014_000000502134.jpg,Fear,0.7,0.5,0.4,173,87,385,425
framesdb/images/frame_7dyt85w02xs0hyle.jpg,Fear,0.5,0.6,0.8,457,31,1119,395
mscoco/images/COCO_train2014_000000033156.jpg,Fear,0.7,0.7,0.7,56,34,240,346
mscoco/images/COCO_train2014_000000054738.jpg,Fear,0.4,0.4,0.3,302,108,528,476
emodb_small/images/de4b3mu9kk2e5zwv8a.jpg,Pain,0.2,0.7,0.2,2,264,608,453
emodb_small/images/dsvzuufgy7v1mdsgi0.jpg,Pain,0.2,0.6,0.3,7,155,344,499
emodb_small/images/e15x3ogndoladu97ma.jpg,Pain,0.3,0.5,0.3,604,17,1256,984
emodb_small/images/dz2exu795mcqgusx8x.jpg,Pain,0.3,0.6,0.1,7,16,240,302
mscoco/images/COCO_train2014_000000034100.jpg,Pain,0.4,0.8,0.4,306,135,423,472
framesdb/images/frame_cpbwu7sx99eo3fj0.jpg,Pain,,,,212,75,821,440
framesdb/images/frame_idipgq1m9tqv219p.jpg,Pain,0.5,0.3,0.4,292,13,585,453
framesdb/images/frame_hvkeqenbteoc6ljb.jpg,Pain,0.3,0.8,0.5,478,0,623,350
emodb_small/images/a77hwmd2i3rbcdgy32.jpg,Pain,0.2,0.4,0.4,2707,28,6016,4020
emodb_small/images/77s7vrrfhazmibhvxg.jpg,Pain,0.3,0.4,0.7,81,17,344,219
emodb_small/images/e0qq1z3hl4ncdgk8q2.jpg,Pain,0.2,0.5,0.1,62,8,249,200
emodb_small/images/7bbvh08x1q5z47ebbr.jpg,Pain,0.4,0.3,0.3,42,34,602,345
mscoco/images/COCO_train2014_000000485852.jpg,Pain,0.4,0.4,0.3,300,122,438,329
emodb_small/images/67rs0lowdqlp274r56.jpg,Pain,0.3,0.4,0.2,22,25,287,337
emodb_small/images/dsrsw51o0iv6nwvkkv.jpg,Pain,0.1,0.7,0.2,4,4,341,278
emodb_small/images/dc2rq2x20htjbfwo5h.jpg,Pain,0.3,0.5,0.4,1,2,366,285
mscoco/images/COCO_val2014_000000566923.jpg,Pain,0.3,0.9,0.3,134,16,569,419
emodb_small/images/dos3optnd365otvthb.jpg,Pain,0.2,0.8,0.3,3,15,335,379
mscoco/images/COCO_train2014_000000010929.jpg,Pain,0.6,0.9,0.7,239,145,381,339
framesdb/images/frame_3ojn4of2k1y7wegp.jpg,Pain,0.5,0.6,0.3,838,357,1824,1041
framesdb/images/frame_hiq7bbseklb9nx7l.jpg,Pain,0.6,0.3,0.4,664,307,755,483
emodb_small/images/dzgd47s8gphnvix1et.jpg,Pain,0.4,0.4,0.4,32,31,267,398
emodb_small/images/drzbqqu4xwzi7shbiw.jpg,Pain,0.5,0.5,0.5,55,130,471,783
mscoco/images/COCO_train2014_000000490182.jpg,Pain,0.5,1.0,0.6,98,36,301,325
emodb_small/images/e11uj6f3dy2hc3r7n6.jpg,Pain,0.4,0.7,0.5,735,424,1526,1586
emodb_small/images/dj8nlghl2i27dcwept.jpg,Pain,0.2,0.3,0.2,62,614,553,1164
emodb_small/images/e1oqgilaydutrlhfih.jpg,Pain,0.3,0.5,0.1,53,133,326,261
emodb_small/images/dtp2df4s8zjcgtnjsm.jpg,Pain,0.4,0.7,0.3,124,30,590,356
emodb_small/images/dcjqh15lunvxk3jur0.jpg,Pain,0.4,0.4,0.4,54,4,214,199
emodb_small/images/dl5k4ukmcum9z54826.jpg,Pain,0.5,0.4,0.6,301,0,646,406
mscoco/images/COCO_train2014_000000255459.jpg,Pain,0.6,0.7,0.6,115,223,240,441
mscoco/images/COCO_train2014_000000298031.jpg,Suffering,0.7,0.4,0.7,215,200,558,471
emodb_small/images/e9b5cftu9bwcw29nnh.jpg,Suffering,0.1,0.9,0.1,1,52,156,288
mscoco/images/COCO_train2014_000000408917.jpg,Suffering,0.7,0.7,0.1,141,18,587,473
mscoco/images/COCO_train2014_000000018656.jpg,Suffering,0.7,0.5,0.5,225,7,476,354
framesdb/images/frame_hxjikqmyt3a45rgh.jpg,Suffering,0.8,0.7,0.5,1102,261,1557,1365
emodb_small/images/c5robr916k7aeap6l9.jpg,Suffering,0.3,0.4,0.5,3,1,283,397
mscoco/images/COCO_train2014_000000048130.jpg,Suffering,0.5,0.7,0.6,310,17,460,410
mscoco/images/COCO_train2014_000000151563.jpg,Suffering,0.6,0.9,0.3,199,67,473,431
mscoco/images/COCO_train2014_000000052440.jpg,Suffering,0.8,0.7,0.7,152,28,288,331
framesdb/images/frame_hvebkks8si2hujg3.jpg,Suffering,,,,21,57,267,633
framesdb/images/frame_bp97cx6kc443bwbd.jpg,Suffering,0.5,0.6,0.5,318,180,425,391
mscoco/images/COCO_train2014_000000121167.jpg,Suffering,0.6,0.5,0.9,66,48,248,205
mscoco/images/COCO_train2014_000000471410.jpg,Suffering,0.4,0.8,0.7,146,51,420,292
mscoco/images/COCO_train2014_000000480088.jpg,Suffering,0.3,0.6,0.2,125,70,360,367
framesdb/images/frame_66bc289hmy2r81hv.jpg,Suffering,0.7,0.6,0.5,520,102,596,323
framesdb/images/frame_81ywrqgcwmx0fatw.jpg,Suffering,,,,19,187,140,411
mscoco/images/COCO_train2014_000000572737.jpg,Suffering,0.5,0.7,0.7,396,56,496,390
mscoco/images/COCO_train2014_000000530610.jpg,Suffering,0.3,0.4,0.5,196,169,415,440
framesdb/images/frame_hdepjixs67t3l4zo.jpg,Engagement,0.7,0.3,0.2,30,30,242,315
mscoco/images/COCO_val2014_000000110392.jpg,Engagement,0.7,0.7,0.9,38,48,385,420
mscoco/images/COCO_train2014_000000509626.jpg,Engagement,0.2,0.5,0.4,349,237,527,421
mscoco/images/COCO_train2014_000000102225.jpg,Engagement,0.5,0.9,0.7,17,161,149,328
mscoco/images/COCO_train2014_000000533291.jpg,Engagement,0.5,0.9,0.3,94,120,236,237
framesdb/images/frame_482f0lsguoiv0sk6.jpg,Engagement,0.6,0.6,0.3,267,32,364,233
framesdb/images/frame_ddghjgrf7k9jei5j.jpg,Engagement,0.5,0.2,0.9,260,292,317,427
mscoco/images/COCO_train2014_000000565387.jpg,Engagement,0.6,0.4,0.6,207,167,414,400
framesdb/images/frame_6x5lpc7dh3yvrnc3.jpg,Engagement,0.8,0.4,0.7,304,115,463,424
framesdb/images/frame_6x5lpc7dh3yvrnc3.jpg,Engagement,0.7,0.6,0.3,0,348,189,511
framesdb/images/frame_6x5lpc7dh3yvrnc3.jpg,Engagement,0.5,0.4,0.3,531,25,654,395
framesdb/images/frame_jsnriwfd0ffphs5g.jpg,Engagement,0.6,0.8,0.8,385,380,515,512
framesdb/images/frame_63mtckpdjfc0y9q8.jpg,Engagement,,,,705,400,1268,2007
framesdb/images/frame_63mtckpdjfc0y9q8.jpg,Engagement,0.6,0.5,0.6,1900,301,2528,2145
framesdb/images/frame_98zn80gxar4u0kzg.jpg,Engagement,0.5,0.4,0.5,425,67,495,281
mscoco/images/COCO_train2014_000000147012.jpg,Engagement,0.7,0.7,0.7,305,86,411,326
mscoco/images/COCO_train2014_000000167397.jpg,Engagement,0.7,0.7,0.7,237,156,321,346
framesdb/images/frame_0v2clxpnah9oj514.jpg,Engagement,0.5,0.2,0.8,54,6,314,405
mscoco/images/COCO_val2014_000000160480.jpg,Engagement,0.6,0.5,0.9,247,48,488,318
mscoco/images/COCO_train2014_000000560391.jpg,Engagement,0.3,0.4,0.6,46,48,251,258
mscoco/images/COCO_train2014_000000028642.jpg,Engagement,0.4,0.4,0.3,267,25,551,428
framesdb/images/frame_1cnsgmoppetoruv9.jpg,Engagement,0.4,0.7,0.7,554,327,716,599
framesdb/images/frame_1cnsgmoppetoruv9.jpg,Engagement,0.5,0.8,0.7,236,378,420,567
mscoco/images/COCO_train2014_000000336858.jpg,Engagement,0.6,1.0,1.0,138,35,427,264
framesdb/images/frame_ek3zcwpt9ed6j6gm.jpg,Engagement,0.6,0.6,0.4,1252,843,1333,1094
mscoco/images/COCO_train2014_000000025461.jpg,Engagement,0.5,0.5,0.5,30,83,147,426
mscoco/images/COCO_train2014_000000025461.jpg,Engagement,0.5,0.4,0.7,113,89,240,434
mscoco/images/COCO_train2014_000000024571.jpg,Engagement,0.6,0.8,0.7,159,180,378,447
mscoco/images/COCO_train2014_000000213135.jpg,Engagement,0.8,0.8,0.7,240,8,510,384
mscoco/images/COCO_train2014_000000256276.jpg,Engagement,0.9,0.2,0.7,75,41,317,472
mscoco/images/COCO_train2014_000000256276.jpg,Engagement,0.6,0.7,0.6,356,30,574,479
framesdb/images/frame_jbtqq5ahai9ylby3.jpg,Engagement,0.7,0.3,0.4,1,39,383,2679
mscoco/images/COCO_train2014_000000199865.jpg,Engagement,0.6,0.4,0.6,148,73,393,270
mscoco/images/COCO_train2014_000000441828.jpg,Engagement,0.5,0.7,0.7,319,7,550,246
mscoco/images/COCO_train2014_000000087604.jpg,Engagement,0.6,1.0,0.7,54,31,200,333
mscoco/images/COCO_train2014_000000042312.jpg,Engagement,0.7,0.7,0.7,61,25,586,505
mscoco/images/COCO_train2014_000000156763.jpg,Engagement,0.6,0.8,0.6,378,136,578,458
ade20k/images/sun_ajjqvlkgojhqxjal.jpg,Engagement,0.5,0.3,0.6,1196,116,1808,1219
mscoco/images/COCO_train2014_000000230061.jpg,Engagement,0.5,0.6,0.6,161,197,274,479
mscoco/images/COCO_train2014_000000163435.jpg,Engagement,0.6,0.6,0.6,300,76,465,326
mscoco/images/COCO_train2014_000000030299.jpg,Engagement,0.6,0.8,0.7,368,109,528,356
